{"canal1": [6.335983925964683e-06, 6.338603270705789e-06, 6.3403490457858425e-06, 6.335983925964683e-06, 6.3447146203543525e-06, 6.3464608501817565e-06, 6.336857040878385e-06, 6.338603270705789e-06, 6.3412221606995445e-06, 6.335983925964683e-06], "canal2": [7.5071661740366835e-06, 7.508917860832298e-06, 7.510667728638509e-06, 7.506290785386227e-06, 7.5071661740366835e-06, 7.509792339988053e-06, 7.5071661740366835e-06, 7.508917860832298e-06, 7.50804156268714e-06, 7.512418960686773e-06], "canal3": [7.718588676652871e-06, 7.722919690422714e-06, 7.718588676652871e-06, 7.722919690422714e-06, 7.72364091972122e-06, 7.724362149019726e-06, 7.722197551629506e-06, 7.721475412836298e-06, 7.722919690422714e-06, 7.722919690422714e-06], "canal4": [5.771391442976892e-06, 5.771391442976892e-06, 5.772944405180169e-06, 5.776049874839373e-06, 5.775273166364059e-06, 5.771391442976892e-06, 5.772944405180169e-06, 5.772168151452206e-06, 5.773721113655483e-06, 5.770615189248929e-06]}