{"canal1": [6.28010729997186e-06, 6.282726189965615e-06, 6.288837994361529e-06, 6.286218649620423e-06, 6.285345534706721e-06, 6.286218649620423e-06, 6.284472419793019e-06, 6.282726189965615e-06, 6.28971065452788e-06, 6.284472419793019e-06], "canal2": [7.445888059010031e-06, 7.439759883709485e-06, 7.440635272359941e-06, 7.442386959155556e-06, 7.4432614383113105e-06, 7.4415111157577485e-06, 7.444137281709118e-06, 7.438009561155923e-06, 7.442386959155556e-06, 7.439759883709485e-06], "canal3": [7.66734592616558e-06, 7.666623787372373e-06, 7.664459189982153e-06, 7.668789294257294e-06, 7.66734592616558e-06, 7.666623787372373e-06, 7.66301582189044e-06, 7.665902558073867e-06, 7.6695105235558e-06, 7.668789294257294e-06], "canal4": [5.736453204008285e-06, 5.737229457736248e-06, 5.7387824199395254e-06, 5.735676495532971e-06, 5.734899787057657e-06, 5.7387824199395254e-06, 5.740335382142803e-06, 5.734899787057657e-06, 5.736453204008285e-06, 5.734899787057657e-06]}