{"canal1": [6.415433745132759e-06, 6.414561084966408e-06, 6.417179974960163e-06, 6.415433745132759e-06, 6.418926204787567e-06, 6.412814855139004e-06, 6.418053089873865e-06, 6.417179974960163e-06, 6.418926204787567e-06, 6.414561084966408e-06], "canal2": [7.593831924168626e-06, 7.590329914819449e-06, 7.5929560807708185e-06, 7.590329914819449e-06, 7.590329914819449e-06, 7.5929560807708185e-06, 7.592080692120362e-06, 7.595581791974837e-06, 7.594707312819082e-06, 7.590329914819449e-06], "canal3": [7.794369594193995e-06, 7.793647455400787e-06, 7.794369594193995e-06, 7.795091732987203e-06, 7.794369594193995e-06, 7.79292531660758e-06, 7.791482858010568e-06, 7.794369594193995e-06, 7.79292531660758e-06, 7.796535101078916e-06], "canal4": [5.8187524700770155e-06, 5.822634648211533e-06, 5.8234104471921455e-06, 5.822634648211533e-06, 5.822634648211533e-06, 5.821857939736219e-06, 5.820304977532942e-06, 5.8234104471921455e-06, 5.822634648211533e-06, 5.822634648211533e-06]}