{"canal1": [6.30717249805457e-06, 6.3045531533134636e-06, 6.301934263319708e-06, 6.301934263319708e-06, 6.3036800383997615e-06, 6.3028069234860595e-06, 6.30717249805457e-06, 6.3028069234860595e-06, 6.299314918578602e-06, 6.3062993831408676e-06], "canal2": [7.4686490734166e-06, 7.4677736847661436e-06, 7.4633962867665105e-06, 7.462520898116054e-06, 7.4677736847661436e-06, 7.4695240073197056e-06, 7.4695240073197056e-06, 7.4677736847661436e-06, 7.4695240073197056e-06, 7.4677736847661436e-06], "canal3": [7.687553988944273e-06, 7.688998266530689e-06, 7.690441634622402e-06, 7.686832759645768e-06, 7.686111530347262e-06, 7.685389391554054e-06, 7.685389391554054e-06, 7.686832759645768e-06, 7.688276127737481e-06, 7.686111530347262e-06], "canal4": [5.749651791120414e-06, 5.74654632146121e-06, 5.747323029936524e-06, 5.751204753323691e-06, 5.747323029936524e-06, 5.749651791120414e-06, 5.74654632146121e-06, 5.747323029936524e-06, 5.751981461799005e-06, 5.7543106777302455e-06]}