{"canal1": [6.292329999268986e-06, 6.291456884355284e-06, 6.29407622909639e-06, 6.291456884355284e-06, 6.2958220041764434e-06, 6.294949344010092e-06, 6.28971065452788e-06, 6.297568688751198e-06, 6.296695573837496e-06, 6.294949344010092e-06], "canal2": [7.454641945514595e-06, 7.459018888766877e-06, 7.454641945514595e-06, 7.454641945514595e-06, 7.452015779563226e-06, 7.45376701161149e-06, 7.454641945514595e-06, 7.454641945514595e-06, 7.457269020960666e-06, 7.457269020960666e-06], "canal3": [7.678893780393992e-06, 7.678172551095486e-06, 7.67672827350907e-06, 7.676006134715863e-06, 7.680337148485705e-06, 7.676006134715863e-06, 7.67672827350907e-06, 7.677450412302278e-06, 7.676006134715863e-06, 7.676006134715863e-06], "canal4": [5.7434403970546555e-06, 5.7442171055299696e-06, 5.74654632146121e-06, 5.740335382142803e-06, 5.741887434851378e-06, 5.744993814005284e-06, 5.7442171055299696e-06, 5.744993814005284e-06, 5.747323029936524e-06, 5.7442171055299696e-06]}