{"canal1": [6.292329999268986e-06, 6.294949344010092e-06, 6.296695573837496e-06, 6.293203114182688e-06, 6.29407622909639e-06, 6.294949344010092e-06, 6.291456884355284e-06, 6.294949344010092e-06, 6.29407622909639e-06, 6.2958220041764434e-06], "canal2": [7.452015779563226e-06, 7.454641945514595e-06, 7.454641945514595e-06, 7.4511399361654185e-06, 7.454641945514595e-06, 7.452891622961033e-06, 7.455517334165052e-06, 7.45376701161149e-06, 7.455517334165052e-06, 7.454641945514595e-06], "canal3": [7.678893780393992e-06, 7.673841537325643e-06, 7.677450412302278e-06, 7.6796159191872e-06, 7.677450412302278e-06, 7.67672827350907e-06, 7.678893780393992e-06, 7.678893780393992e-06, 7.675284905417357e-06, 7.676006134715863e-06], "canal4": [5.74654632146121e-06, 5.741887434851378e-06, 5.7434403970546555e-06, 5.744993814005284e-06, 5.744993814005284e-06, 5.7442171055299696e-06, 5.741111635870766e-06, 5.7434403970546555e-06, 5.741887434851378e-06, 5.744993814005284e-06]}