{"canal1": [6.308045158220921e-06, 6.310664502962027e-06, 6.313283847703133e-06, 6.310664502962027e-06, 6.30717249805457e-06, 6.315030532277888e-06, 6.313283847703133e-06, 6.311537617875729e-06, 6.315030532277888e-06, 6.314156962616835e-06], "canal2": [7.479153737222077e-06, 7.480904059775639e-06, 7.476526661776006e-06, 7.4756521826202516e-06, 7.476526661776006e-06, 7.4774025051738136e-06, 7.478278348571621e-06, 7.480029125872534e-06, 7.478278348571621e-06, 7.476526661776006e-06], "canal3": [7.696215106989257e-06, 7.69765847508097e-06, 7.696215106989257e-06, 7.694771738897543e-06, 7.696215106989257e-06, 7.696215106989257e-06, 7.69765847508097e-06, 7.694771738897543e-06, 7.69765847508097e-06, 7.695493877690751e-06], "canal4": [5.755086931458209e-06, 5.755863639933523e-06, 5.752757260779617e-06, 5.752757260779617e-06, 5.7543106777302455e-06, 5.757416147389449e-06, 5.7535339692549314e-06, 5.757416147389449e-06, 5.7543106777302455e-06, 5.7543106777302455e-06]}