{"canal1": [6.404956820915686e-06, 6.405829935829388e-06, 6.40670305074309e-06, 6.404083706001984e-06, 6.407576165656792e-06, 6.40670305074309e-06, 6.408448825823143e-06, 6.40670305074309e-06, 6.408448825823143e-06, 6.404083706001984e-06], "canal2": [7.584201739518903e-06, 7.5833272603631485e-06, 7.590329914819449e-06, 7.579825251013972e-06, 7.580700184917077e-06, 7.584201739518903e-06, 7.58507712816936e-06, 7.581576028314885e-06, 7.582451416965341e-06, 7.580700184917077e-06], "canal3": [7.783543878758792e-06, 7.784265108057298e-06, 7.783543878758792e-06, 7.784265108057298e-06, 7.785709385643713e-06, 7.785709385643713e-06, 7.781379281368572e-06, 7.784987246850505e-06, 7.779213774483651e-06, 7.786429705447517e-06], "canal4": [5.815646545670461e-06, 5.815646545670461e-06, 5.8187524700770155e-06, 5.8187524700770155e-06, 5.817199053126387e-06, 5.817975761601701e-06, 5.814870746689849e-06, 5.819528723804979e-06, 5.812541076011257e-06, 5.817199053126387e-06]}