{"canal1": [6.3062993831408676e-06, 6.310664502962027e-06, 6.310664502962027e-06, 6.3036800383997615e-06, 6.310664502962027e-06, 6.3062993831408676e-06, 6.308045158220921e-06, 6.308918273134623e-06, 6.308045158220921e-06, 6.312411187536782e-06], "canal2": [7.474776339222444e-06, 7.476526661776006e-06, 7.474776339222444e-06, 7.4774025051738136e-06, 7.474776339222444e-06, 7.476526661776006e-06, 7.476526661776006e-06, 7.4756521826202516e-06, 7.474776339222444e-06, 7.4756521826202516e-06], "canal3": [7.694771738897543e-06, 7.694771738897543e-06, 7.695493877690751e-06, 7.69332837080583e-06, 7.691884093219414e-06, 7.694049600104336e-06, 7.694771738897543e-06, 7.692607141507324e-06, 7.694771738897543e-06, 7.69332837080583e-06], "canal4": [5.755863639933523e-06, 5.7535339692549314e-06, 5.756639893661486e-06, 5.7589691095927265e-06, 5.7543106777302455e-06, 5.749651791120414e-06, 5.755863639933523e-06, 5.757416147389449e-06, 5.751204753323691e-06, 5.7535339692549314e-06]}