{"canal1": [6.299314918578602e-06, 6.294949344010092e-06, 6.3001875787449535e-06, 6.301934263319708e-06, 6.297568688751198e-06, 6.2984413489175495e-06, 6.299314918578602e-06, 6.297568688751198e-06, 6.299314918578602e-06, 6.297568688751198e-06], "canal2": [7.459894732164685e-06, 7.457269020960666e-06, 7.456392722815508e-06, 7.464271675416967e-06, 7.457269020960666e-06, 7.460770120815141e-06, 7.460770120815141e-06, 7.460770120815141e-06, 7.460770120815141e-06, 7.462520898116054e-06], "canal3": [7.681059287278913e-06, 7.681059287278913e-06, 7.680337148485705e-06, 7.681780516577419e-06, 7.681780516577419e-06, 7.68394602346234e-06, 7.678172551095486e-06, 7.681780516577419e-06, 7.683223884669133e-06, 7.68394602346234e-06], "canal4": [5.748099283664487e-06, 5.745769612985896e-06, 5.744993814005284e-06, 5.7434403970546555e-06, 5.745769612985896e-06, 5.748099283664487e-06, 5.7434403970546555e-06, 5.7442171055299696e-06, 5.742664143326692e-06, 5.741887434851378e-06]}