{"canal1": [6.30717249805457e-06, 6.3036800383997615e-06, 6.3062993831408676e-06, 6.30717249805457e-06, 6.308045158220921e-06, 6.3062993831408676e-06, 6.305425813479815e-06, 6.305425813479815e-06, 6.3036800383997615e-06, 6.3062993831408676e-06], "canal2": [7.4695240073197056e-06, 7.472150173271075e-06, 7.473900950571988e-06, 7.472150173271075e-06, 7.470399395970162e-06, 7.4712747846206184e-06, 7.4695240073197056e-06, 7.4686490734166e-06, 7.472150173271075e-06, 7.4712747846206184e-06], "canal3": [7.689719495829195e-06, 7.688998266530689e-06, 7.690441634622402e-06, 7.688998266530689e-06, 7.69332837080583e-06, 7.689719495829195e-06, 7.686832759645768e-06, 7.688998266530689e-06, 7.691884093219414e-06, 7.688998266530689e-06], "canal4": [5.755086931458209e-06, 5.756639893661486e-06, 5.751204753323691e-06, 5.7543106777302455e-06, 5.751204753323691e-06, 5.756639893661486e-06, 5.7543106777302455e-06, 5.7535339692549314e-06, 5.751204753323691e-06, 5.751981461799005e-06]}