{"canal1": [6.32550700174761e-06, 6.322014996840153e-06, 6.330745691229822e-06, 6.322014996840153e-06, 6.322887657006504e-06, 6.322014996840153e-06, 6.323760771920206e-06, 6.322887657006504e-06, 6.319395652099047e-06, 6.324633886833908e-06], "canal2": [7.487032235076185e-06, 7.492284112231573e-06, 7.487907168979291e-06, 7.492284112231573e-06, 7.488783012377098e-06, 7.489658401027555e-06, 7.486156846425729e-06, 7.489658401027555e-06, 7.492284112231573e-06, 7.486156846425729e-06], "canal3": [7.708485100010876e-06, 7.706318683631252e-06, 7.709206329309382e-06, 7.709206329309382e-06, 7.70704082242446e-06, 7.708485100010876e-06, 7.70487622503424e-06, 7.705597454332747e-06, 7.705597454332747e-06, 7.707762961217668e-06], "canal4": [5.765180503658485e-06, 5.760521617048653e-06, 5.764403795183171e-06, 5.75974536332069e-06, 5.761298325523967e-06, 5.760521617048653e-06, 5.762851287727244e-06, 5.767509264842374e-06, 5.761298325523967e-06, 5.76207457925193e-06]}