{"canal1": [6.323760771920206e-06, 6.323760771920206e-06, 6.322887657006504e-06, 6.3211414271791e-06, 6.322014996840153e-06, 6.320268312265398e-06, 6.320268312265398e-06, 6.3211414271791e-06, 6.322014996840153e-06, 6.322014996840153e-06], "canal2": [7.487907168979291e-06, 7.489658401027555e-06, 7.488783012377098e-06, 7.488783012377098e-06, 7.487907168979291e-06, 7.489658401027555e-06, 7.488783012377098e-06, 7.489658401027555e-06, 7.487907168979291e-06, 7.487907168979291e-06], "canal3": [7.704154086241033e-06, 7.701267350057606e-06, 7.706318683631252e-06, 7.703431947447825e-06, 7.703431947447825e-06, 7.707762961217668e-06, 7.709206329309382e-06, 7.706318683631252e-06, 7.708485100010876e-06, 7.705597454332747e-06], "canal4": [5.760521617048653e-06, 5.761298325523967e-06, 5.760521617048653e-06, 5.765956757386448e-06, 5.76207457925193e-06, 5.760521617048653e-06, 5.762851287727244e-06, 5.762851287727244e-06, 5.761298325523967e-06, 5.764403795183171e-06]}