{"canal1": [6.315030532277888e-06, 6.316776307357941e-06, 6.316776307357941e-06, 6.315902737696888e-06, 6.318522082437994e-06, 6.314156962616835e-06, 6.314156962616835e-06, 6.315902737696888e-06, 6.313283847703133e-06, 6.317649422271643e-06], "canal2": [7.484405614377465e-06, 7.484405614377465e-06, 7.484405614377465e-06, 7.486156846425729e-06, 7.486156846425729e-06, 7.484405614377465e-06, 7.4852814577752724e-06, 7.484405614377465e-06, 7.487032235076185e-06, 7.482655291823903e-06], "canal3": [7.701989488850813e-06, 7.704154086241033e-06, 7.703431947447825e-06, 7.701267350057606e-06, 7.70487622503424e-06, 7.700545211264398e-06, 7.700545211264398e-06, 7.703431947447825e-06, 7.700545211264398e-06, 7.70271071814932e-06], "canal4": [5.75974536332069e-06, 5.761298325523967e-06, 5.755863639933523e-06, 5.755086931458209e-06, 5.760521617048653e-06, 5.757416147389449e-06, 5.760521617048653e-06, 5.755863639933523e-06, 5.761298325523967e-06, 5.756639893661486e-06]}