{"canal1": [6.279234185058158e-06, 6.283599304879317e-06, 6.28010729997186e-06, 6.276614840317052e-06, 6.278360615397105e-06, 6.280979960138211e-06, 6.279234185058158e-06, 6.276614840317052e-06, 6.277487955230754e-06, 6.281853529799264e-06], "canal2": [7.440635272359941e-06, 7.440635272359941e-06, 7.4432614383113105e-06, 7.43888540455373e-06, 7.442386959155556e-06, 7.43888540455373e-06, 7.439759883709485e-06, 7.438009561155923e-06, 7.436258329107659e-06, 7.442386959155556e-06], "canal3": [7.66734592616558e-06, 7.66012817621231e-06, 7.665902558073867e-06, 7.661572453798726e-06, 7.663737960683648e-06, 7.665902558073867e-06, 7.665902558073867e-06, 7.664459189982153e-06, 7.665181328775361e-06, 7.665902558073867e-06], "canal4": [5.735676495532971e-06, 5.731794772145804e-06, 5.734123533329694e-06, 5.735676495532971e-06, 5.732571025873767e-06, 5.734899787057657e-06, 5.734899787057657e-06, 5.734123533329694e-06, 5.730241809942527e-06, 5.734123533329694e-06]}