{"canal1": [6.36130334896734e-06, 6.365668468788499e-06, 6.363049124047393e-06, 6.358684004226234e-06, 6.363049124047393e-06, 6.358684004226234e-06, 6.360429779306287e-06, 6.36130334896734e-06, 6.364795353874797e-06, 6.359557119139936e-06], "canal2": [7.535179975093342e-06, 7.536054454249097e-06, 7.52817641114234e-06, 7.5290513450454455e-06, 7.5273010224918835e-06, 7.529927188443253e-06, 7.536054454249097e-06, 7.535179975093342e-06, 7.530802577093709e-06, 7.531678420491517e-06], "canal3": [7.743848982499912e-06, 7.74457112129312e-06, 7.741683475614991e-06, 7.743848982499912e-06, 7.740962246316485e-06, 7.74457112129312e-06, 7.742405614408199e-06, 7.740962246316485e-06, 7.741683475614991e-06, 7.741683475614991e-06], "canal4": [5.787695954495575e-06, 5.7838137763610575e-06, 5.787695954495575e-06, 5.788472662970889e-06, 5.786142992292298e-06, 5.786142992292298e-06, 5.788472662970889e-06, 5.786142992292298e-06, 5.7892493714462034e-06, 5.7892493714462034e-06]}