{"canal1": [6.294949344010092e-06, 6.296695573837496e-06, 6.293203114182688e-06, 6.3001875787449535e-06, 6.3010606936586555e-06, 6.294949344010092e-06, 6.296695573837496e-06, 6.2958220041764434e-06, 6.293203114182688e-06, 6.29407622909639e-06], "canal2": [7.4633962867665105e-06, 7.457269020960666e-06, 7.456392722815508e-06, 7.455517334165052e-06, 7.456392722815508e-06, 7.459018888766877e-06, 7.457269020960666e-06, 7.459018888766877e-06, 7.455517334165052e-06, 7.459894732164685e-06], "canal3": [7.6796159191872e-06, 7.677450412302278e-06, 7.677450412302278e-06, 7.676006134715863e-06, 7.6796159191872e-06, 7.683223884669133e-06, 7.681059287278913e-06, 7.68394602346234e-06, 7.681059287278913e-06, 7.681059287278913e-06], "canal4": [5.745769612985896e-06, 5.741887434851378e-06, 5.7442171055299696e-06, 5.7442171055299696e-06, 5.745769612985896e-06, 5.7434403970546555e-06, 5.744993814005284e-06, 5.7387824199395254e-06, 5.7434403970546555e-06, 5.748099283664487e-06]}