{"canal1": [6.284472419793019e-06, 6.290583769441582e-06, 6.288837994361529e-06, 6.28971065452788e-06, 6.286218649620423e-06, 6.288837994361529e-06, 6.284472419793019e-06, 6.287091764534125e-06, 6.288837994361529e-06, 6.286218649620423e-06], "canal2": [7.442386959155556e-06, 7.446764357155189e-06, 7.4485142249614e-06, 7.4432614383113105e-06, 7.444137281709118e-06, 7.445888059010031e-06, 7.446764357155189e-06, 7.445888059010031e-06, 7.446764357155189e-06, 7.4511399361654185e-06], "canal3": [7.67023357184371e-06, 7.67023357184371e-06, 7.668789294257294e-06, 7.668068064958788e-06, 7.6695105235558e-06, 7.671676939935423e-06, 7.67456367611885e-06, 7.671676939935423e-06, 7.67023357184371e-06, 7.670954801142216e-06], "canal4": [5.739558673667489e-06, 5.740335382142803e-06, 5.741111635870766e-06, 5.7434403970546555e-06, 5.741111635870766e-06, 5.741111635870766e-06, 5.7387824199395254e-06, 5.739558673667489e-06, 5.740335382142803e-06, 5.736453204008285e-06]}