{"canal1": [6.309791842795676e-06, 6.315030532277888e-06, 6.318522082437994e-06, 6.317649422271643e-06, 6.315030532277888e-06, 6.313283847703133e-06, 6.313283847703133e-06, 6.316776307357941e-06, 6.315030532277888e-06, 6.319395652099047e-06], "canal2": [7.4835311352217104e-06, 7.480029125872534e-06, 7.487907168979291e-06, 7.482655291823903e-06, 7.481779448426096e-06, 7.487032235076185e-06, 7.482655291823903e-06, 7.4852814577752724e-06, 7.4852814577752724e-06, 7.481779448426096e-06], "canal3": [7.703431947447825e-06, 7.699823981965892e-06, 7.700545211264398e-06, 7.700545211264398e-06, 7.701267350057606e-06, 7.701989488850813e-06, 7.698379704379477e-06, 7.699101843172684e-06, 7.701989488850813e-06, 7.70271071814932e-06], "canal4": [5.7589691095927265e-06, 5.7589691095927265e-06, 5.757416147389449e-06, 5.755863639933523e-06, 5.763627541455207e-06, 5.75974536332069e-06, 5.758192401117412e-06, 5.75974536332069e-06, 5.758192401117412e-06, 5.757416147389449e-06]}