{"canal1": [6.328126346488716e-06, 6.331618351396173e-06, 6.332491921057226e-06, 6.334237696137279e-06, 6.328999006655067e-06, 6.328999006655067e-06, 6.330745691229822e-06, 6.330745691229822e-06, 6.328126346488716e-06, 6.328126346488716e-06], "canal2": [7.497536898881663e-06, 7.492284112231573e-06, 7.498413197026821e-06, 7.497536898881663e-06, 7.49315995562938e-06, 7.4992876761825755e-06, 7.501038908230839e-06, 7.497536898881663e-06, 7.497536898881663e-06, 7.496661510231206e-06], "canal3": [7.713536433584522e-06, 7.712814294791315e-06, 7.713536433584522e-06, 7.71425857237773e-06, 7.71425857237773e-06, 7.711371836194303e-06, 7.711371836194303e-06, 7.71425857237773e-06, 7.71425857237773e-06, 7.715701940469444e-06], "canal4": [5.767509264842374e-06, 5.765180503658485e-06, 5.764403795183171e-06, 5.769838935520966e-06, 5.767509264842374e-06, 5.768285973317688e-06, 5.767509264842374e-06, 5.768285973317688e-06, 5.76207457925193e-06, 5.765180503658485e-06]}