{"canal1": [6.294949344010092e-06, 6.293203114182688e-06, 6.2984413489175495e-06, 6.2958220041764434e-06, 6.299314918578602e-06, 6.2958220041764434e-06, 6.3010606936586555e-06, 6.2984413489175495e-06, 6.2958220041764434e-06, 6.3010606936586555e-06], "canal2": [7.456392722815508e-06, 7.459018888766877e-06, 7.459018888766877e-06, 7.459018888766877e-06, 7.4633962867665105e-06, 7.462520898116054e-06, 7.459894732164685e-06, 7.464271675416967e-06, 7.462520898116054e-06, 7.457269020960666e-06], "canal3": [7.6796159191872e-06, 7.681059287278913e-06, 7.683223884669133e-06, 7.681780516577419e-06, 7.678893780393992e-06, 7.680337148485705e-06, 7.684667252760846e-06, 7.678893780393992e-06, 7.6796159191872e-06, 7.683223884669133e-06], "canal4": [5.744993814005284e-06, 5.7488755373924505e-06, 5.7442171055299696e-06, 5.7442171055299696e-06, 5.744993814005284e-06, 5.7442171055299696e-06, 5.74654632146121e-06, 5.748099283664487e-06, 5.74654632146121e-06, 5.741887434851378e-06]}