{"canal1": [6.296695573837496e-06, 6.3010606936586555e-06, 6.3028069234860595e-06, 6.3045531533134636e-06, 6.3010606936586555e-06, 6.3001875787449535e-06, 6.3045531533134636e-06, 6.2958220041764434e-06, 6.301934263319708e-06, 6.3045531533134636e-06], "canal2": [7.465147518814774e-06, 7.4633962867665105e-06, 7.465147518814774e-06, 7.461644599970896e-06, 7.462520898116054e-06, 7.4695240073197056e-06, 7.466021997970529e-06, 7.4633962867665105e-06, 7.465147518814774e-06, 7.465147518814774e-06], "canal3": [7.685389391554054e-06, 7.685389391554054e-06, 7.686111530347262e-06, 7.684667252760846e-06, 7.684667252760846e-06, 7.68394602346234e-06, 7.687553988944273e-06, 7.686832759645768e-06, 7.686111530347262e-06, 7.687553988944273e-06], "canal4": [5.7442171055299696e-06, 5.751204753323691e-06, 5.752757260779617e-06, 5.74654632146121e-06, 5.7488755373924505e-06, 5.751204753323691e-06, 5.745769612985896e-06, 5.742664143326692e-06, 5.750428044848377e-06, 5.750428044848377e-06]}