{"canal1": [6.3211414271791e-06, 6.3211414271791e-06, 6.322014996840153e-06, 6.322887657006504e-06, 6.322887657006504e-06, 6.318522082437994e-06, 6.322014996840153e-06, 6.324633886833908e-06, 6.324633886833908e-06, 6.320268312265398e-06], "canal2": [7.494910278182942e-06, 7.49578612158075e-06, 7.49315995562938e-06, 7.490534244425362e-06, 7.491408723581117e-06, 7.492284112231573e-06, 7.494035799027188e-06, 7.49315995562938e-06, 7.489658401027555e-06, 7.487032235076185e-06], "canal3": [7.707762961217668e-06, 7.707762961217668e-06, 7.711371836194303e-06, 7.711371836194303e-06, 7.70487622503424e-06, 7.708485100010876e-06, 7.707762961217668e-06, 7.709206329309382e-06, 7.707762961217668e-06, 7.708485100010876e-06], "canal4": [5.762851287727244e-06, 5.75974536332069e-06, 5.764403795183171e-06, 5.762851287727244e-06, 5.762851287727244e-06, 5.76207457925193e-06, 5.76207457925193e-06, 5.762851287727244e-06, 5.760521617048653e-06, 5.7589691095927265e-06]}