{"canal1": [6.372652933350764e-06, 6.378764737746678e-06, 6.375271823344519e-06, 6.375271823344519e-06, 6.372652933350764e-06, 6.371780273184413e-06, 6.377018962666625e-06, 6.375271823344519e-06, 6.375271823344519e-06, 6.377891168085625e-06], "canal2": [7.5509365160542075e-06, 7.5491857387532946e-06, 7.548310350102838e-06, 7.547434961452382e-06, 7.546560027549276e-06, 7.54568463889882e-06, 7.546560027549276e-06, 7.5491857387532946e-06, 7.548310350102838e-06, 7.544809250248363e-06], "canal3": [7.754675607429817e-06, 7.755395927233621e-06, 7.756840204820037e-06, 7.754675607429817e-06, 7.753231329843402e-06, 7.756840204820037e-06, 7.756840204820037e-06, 7.75828357291175e-06, 7.757561434118543e-06, 7.75395346863661e-06], "canal4": [5.797789526695851e-06, 5.797012818220537e-06, 5.794683602289297e-06, 5.797012818220537e-06, 5.794683602289297e-06, 5.795460310764611e-06, 5.797012818220537e-06, 5.797789526695851e-06, 5.796236564492574e-06, 5.792354386358056e-06]}