{"canal1": [6.2958220041764434e-06, 6.28971065452788e-06, 6.28971065452788e-06, 6.292329999268986e-06, 6.28971065452788e-06, 6.296695573837496e-06, 6.291456884355284e-06, 6.291456884355284e-06, 6.29407622909639e-06, 6.29407622909639e-06], "canal2": [7.454641945514595e-06, 7.454641945514595e-06, 7.450265457009664e-06, 7.454641945514595e-06, 7.452891622961033e-06, 7.455517334165052e-06, 7.4511399361654185e-06, 7.454641945514595e-06, 7.455517334165052e-06, 7.450265457009664e-06], "canal3": [7.677450412302278e-06, 7.67456367611885e-06, 7.671676939935423e-06, 7.675284905417357e-06, 7.676006134715863e-06, 7.673841537325643e-06, 7.673841537325643e-06, 7.67456367611885e-06, 7.677450412302278e-06, 7.6796159191872e-06], "canal4": [5.741111635870766e-06, 5.739558673667489e-06, 5.739558673667489e-06, 5.740335382142803e-06, 5.740335382142803e-06, 5.7434403970546555e-06, 5.744993814005284e-06, 5.740335382142803e-06, 5.741887434851378e-06, 5.741111635870766e-06]}