{"canal1": [6.305425813479815e-06, 6.3045531533134636e-06, 6.30717249805457e-06, 6.305425813479815e-06, 6.305425813479815e-06, 6.305425813479815e-06, 6.3045531533134636e-06, 6.308918273134623e-06, 6.301934263319708e-06, 6.305425813479815e-06], "canal2": [7.472150173271075e-06, 7.4686490734166e-06, 7.4712747846206184e-06, 7.4686490734166e-06, 7.4695240073197056e-06, 7.4712747846206184e-06, 7.4695240073197056e-06, 7.470399395970162e-06, 7.470399395970162e-06, 7.4686490734166e-06], "canal3": [7.690441634622402e-06, 7.686111530347262e-06, 7.686832759645768e-06, 7.691162863920908e-06, 7.691162863920908e-06, 7.691884093219414e-06, 7.686111530347262e-06, 7.691162863920908e-06, 7.68394602346234e-06, 7.689719495829195e-06], "canal4": [5.7488755373924505e-06, 5.751204753323691e-06, 5.7535339692549314e-06, 5.749651791120414e-06, 5.750428044848377e-06, 5.750428044848377e-06, 5.752757260779617e-06, 5.755863639933523e-06, 5.749651791120414e-06, 5.750428044848377e-06]}