{"canal1": [6.301934263319708e-06, 6.3045531533134636e-06, 6.3010606936586555e-06, 6.2984413489175495e-06, 6.3036800383997615e-06, 6.3010606936586555e-06, 6.299314918578602e-06, 6.299314918578602e-06, 6.3036800383997615e-06, 6.3036800383997615e-06], "canal2": [7.4633962867665105e-06, 7.466897386620985e-06, 7.4633962867665105e-06, 7.464271675416967e-06, 7.465147518814774e-06, 7.464271675416967e-06, 7.4677736847661436e-06, 7.462520898116054e-06, 7.464271675416967e-06, 7.461644599970896e-06], "canal3": [7.686111530347262e-06, 7.681780516577419e-06, 7.68394602346234e-06, 7.68394602346234e-06, 7.687553988944273e-06, 7.688276127737481e-06, 7.686832759645768e-06, 7.687553988944273e-06, 7.687553988944273e-06, 7.68394602346234e-06], "canal4": [5.749651791120414e-06, 5.7488755373924505e-06, 5.74654632146121e-06, 5.750428044848377e-06, 5.7488755373924505e-06, 5.750428044848377e-06, 5.750428044848377e-06, 5.74654632146121e-06, 5.744993814005284e-06, 5.747323029936524e-06]}