{"canal1": [6.4713108258729335e-06, 6.4765495153551456e-06, 6.4739301706140395e-06, 6.477422175521497e-06, 6.478295290435199e-06, 6.477422175521497e-06, 6.480041520262603e-06, 6.4765495153551456e-06, 6.4765495153551456e-06, 6.473056600952987e-06], "canal2": [7.65686036174884e-06, 7.655985427845735e-06, 7.653358807147015e-06, 7.657736205146648e-06, 7.65423374105012e-06, 7.659486982447561e-06, 7.658611139049754e-06, 7.65686036174884e-06, 7.658611139049754e-06, 7.661237759748474e-06], "canal3": [7.849220310163219e-06, 7.845611435186584e-06, 7.84849817137001e-06, 7.851384907553438e-06, 7.847776942071505e-06, 7.849942448956426e-06, 7.850663678254932e-06, 7.844889296393376e-06, 7.84633266448509e-06, 7.844889296393376e-06], "canal4": [5.856796178704826e-06, 5.861454155819956e-06, 5.859125394636067e-06, 5.86223086429527e-06, 5.857572432432789e-06, 5.85990164836403e-06, 5.8637838264985476e-06, 5.859125394636067e-06, 5.859125394636067e-06, 5.863007572770584e-06]}