{"canal1": [6.331618351396173e-06, 6.335110811050981e-06, 6.336857040878385e-06, 6.335983925964683e-06, 6.332491921057226e-06, 6.333364581223577e-06, 6.334237696137279e-06, 6.332491921057226e-06, 6.335983925964683e-06, 6.334237696137279e-06], "canal2": [7.501038908230839e-06, 7.501038908230839e-06, 7.501914296881296e-06, 7.4992876761825755e-06, 7.500163064833032e-06, 7.50278877603705e-06, 7.501038908230839e-06, 7.498413197026821e-06, 7.501914296881296e-06, 7.501914296881296e-06], "canal3": [7.714979801676236e-06, 7.718588676652871e-06, 7.714979801676236e-06, 7.71425857237773e-06, 7.717145308561157e-06, 7.715701940469444e-06, 7.715701940469444e-06, 7.717145308561157e-06, 7.712093065492809e-06, 7.720032044744585e-06], "canal4": [5.765180503658485e-06, 5.771391442976892e-06, 5.769838935520966e-06, 5.768285973317688e-06, 5.765180503658485e-06, 5.772944405180169e-06, 5.7690622270456515e-06, 5.771391442976892e-06, 5.769838935520966e-06, 5.7690622270456515e-06]}