{"canal1": [6.462579676735913e-06, 6.459960331994807e-06, 6.461707016569562e-06, 6.459960331994807e-06, 6.459960331994807e-06, 6.462579676735913e-06, 6.459960331994807e-06, 6.462579676735913e-06, 6.459960331994807e-06, 6.464325906563317e-06], "canal2": [7.641103366040625e-06, 7.642854143341538e-06, 7.641103366040625e-06, 7.640228432137519e-06, 7.64460492064245e-06, 7.641103366040625e-06, 7.641979209438432e-06, 7.640228432137519e-06, 7.645480764040258e-06, 7.640228432137519e-06], "canal3": [7.836229087843094e-06, 7.836229087843094e-06, 7.831176844774745e-06, 7.835506949049886e-06, 7.836229087843094e-06, 7.829733476683032e-06, 7.837672455934808e-06, 7.829733476683032e-06, 7.834064490452874e-06, 7.834064490452874e-06], "canal4": [5.853690254298272e-06, 5.84670260650455e-06, 5.853690254298272e-06, 5.852914000570308e-06, 5.851361038367031e-06, 5.854466962773586e-06, 5.855243216501549e-06, 5.851361038367031e-06, 5.847479314979864e-06, 5.851361038367031e-06]}