{"canal1": [6.362176009133691e-06, 6.363922693708446e-06, 6.365668468788499e-06, 6.368287813529605e-06, 6.362176009133691e-06, 6.363049124047393e-06, 6.369160928443307e-06, 6.366541583702201e-06, 6.365668468788499e-06, 6.362176009133691e-06], "canal2": [7.536930297646904e-06, 7.533428288297728e-06, 7.535179975093342e-06, 7.535179975093342e-06, 7.536054454249097e-06, 7.534304131695535e-06, 7.531678420491517e-06, 7.536054454249097e-06, 7.533428288297728e-06, 7.533428288297728e-06], "canal3": [7.743126843706705e-06, 7.743126843706705e-06, 7.743848982499912e-06, 7.743126843706705e-06, 7.743126843706705e-06, 7.748179996269755e-06, 7.745293260086328e-06, 7.74673571868334e-06, 7.74457112129312e-06, 7.745293260086328e-06], "canal4": [5.786919700767612e-06, 5.787695954495575e-06, 5.7892493714462034e-06, 5.79080187890213e-06, 5.788472662970889e-06, 5.792354386358056e-06, 5.790025170426816e-06, 5.786919700767612e-06, 5.786142992292298e-06, 5.788472662970889e-06]}