{"canal1": [6.28010729997186e-06, 6.278360615397105e-06, 6.282726189965615e-06, 6.28010729997186e-06, 6.280979960138211e-06, 6.280979960138211e-06, 6.278360615397105e-06, 6.280979960138211e-06, 6.281853529799264e-06, 6.279234185058158e-06], "canal2": [7.4415111157577485e-06, 7.437134172505466e-06, 7.439759883709485e-06, 7.438009561155923e-06, 7.4432614383113105e-06, 7.439759883709485e-06, 7.437134172505466e-06, 7.437134172505466e-06, 7.436258329107659e-06, 7.439759883709485e-06], "canal3": [7.658685717615299e-06, 7.66012817621231e-06, 7.66301582189044e-06, 7.66301582189044e-06, 7.66012817621231e-06, 7.66301582189044e-06, 7.660850315005518e-06, 7.666623787372373e-06, 7.66301582189044e-06, 7.666623787372373e-06], "canal4": [5.731794772145804e-06, 5.734123533329694e-06, 5.734123533329694e-06, 5.734899787057657e-06, 5.734899787057657e-06, 5.735676495532971e-06, 5.735676495532971e-06, 5.73334727960173e-06, 5.732571025873767e-06, 5.735676495532971e-06]}