{"canal1": [6.314156962616835e-06, 6.313283847703133e-06, 6.313283847703133e-06, 6.312411187536782e-06, 6.314156962616835e-06, 6.314156962616835e-06, 6.310664502962027e-06, 6.315030532277888e-06, 6.311537617875729e-06, 6.312411187536782e-06], "canal2": [7.478278348571621e-06, 7.4774025051738136e-06, 7.478278348571621e-06, 7.480029125872534e-06, 7.474776339222444e-06, 7.4756521826202516e-06, 7.478278348571621e-06, 7.480029125872534e-06, 7.4756521826202516e-06, 7.478278348571621e-06], "canal3": [7.70271071814932e-06, 7.696936336287763e-06, 7.699101843172684e-06, 7.696215106989257e-06, 7.69765847508097e-06, 7.696215106989257e-06, 7.699101843172684e-06, 7.692607141507324e-06, 7.704154086241033e-06, 7.701989488850813e-06], "canal4": [5.757416147389449e-06, 5.7535339692549314e-06, 5.755086931458209e-06, 5.7543106777302455e-06, 5.758192401117412e-06, 5.757416147389449e-06, 5.756639893661486e-06, 5.755863639933523e-06, 5.7589691095927265e-06, 5.7543106777302455e-06]}