{"canal1": [6.310664502962027e-06, 6.314156962616835e-06, 6.309791842795676e-06, 6.315030532277888e-06, 6.314156962616835e-06, 6.311537617875729e-06, 6.312411187536782e-06, 6.310664502962027e-06, 6.314156962616835e-06, 6.314156962616835e-06], "canal2": [7.480904059775639e-06, 7.480904059775639e-06, 7.481779448426096e-06, 7.480904059775639e-06, 7.481779448426096e-06, 7.478278348571621e-06, 7.480904059775639e-06, 7.479153737222077e-06, 7.4756521826202516e-06, 7.4774025051738136e-06], "canal3": [7.699101843172684e-06, 7.696936336287763e-06, 7.699823981965892e-06, 7.701267350057606e-06, 7.699101843172684e-06, 7.699823981965892e-06, 7.699101843172684e-06, 7.699101843172684e-06, 7.69765847508097e-06, 7.699101843172684e-06], "canal4": [5.7589691095927265e-06, 5.75974536332069e-06, 5.756639893661486e-06, 5.752757260779617e-06, 5.756639893661486e-06, 5.755863639933523e-06, 5.755086931458209e-06, 5.751981461799005e-06, 5.755863639933523e-06, 5.757416147389449e-06]}