{"canal1": [6.3028069234860595e-06, 6.3001875787449535e-06, 6.3028069234860595e-06, 6.3045531533134636e-06, 6.301934263319708e-06, 6.3010606936586555e-06, 6.3028069234860595e-06, 6.3001875787449535e-06, 6.3028069234860595e-06, 6.3010606936586555e-06], "canal2": [7.470399395970162e-06, 7.465147518814774e-06, 7.464271675416967e-06, 7.460770120815141e-06, 7.464271675416967e-06, 7.465147518814774e-06, 7.462520898116054e-06, 7.466021997970529e-06, 7.470399395970162e-06, 7.465147518814774e-06], "canal3": [7.685389391554054e-06, 7.686832759645768e-06, 7.684667252760846e-06, 7.686111530347262e-06, 7.686111530347262e-06, 7.684667252760846e-06, 7.682501745875925e-06, 7.687553988944273e-06, 7.686111530347262e-06, 7.686111530347262e-06], "canal4": [5.7488755373924505e-06, 5.74654632146121e-06, 5.751981461799005e-06, 5.748099283664487e-06, 5.742664143326692e-06, 5.74654632146121e-06, 5.749651791120414e-06, 5.749651791120414e-06, 5.7488755373924505e-06, 5.7488755373924505e-06]}