{"canal1": [6.284472419793019e-06, 6.281853529799264e-06, 6.281853529799264e-06, 6.28010729997186e-06, 6.282726189965615e-06, 6.280979960138211e-06, 6.282726189965615e-06, 6.279234185058158e-06, 6.283599304879317e-06, 6.277487955230754e-06], "canal2": [7.438009561155923e-06, 7.440635272359941e-06, 7.442386959155556e-06, 7.440635272359941e-06, 7.440635272359941e-06, 7.445012670359574e-06, 7.444137281709118e-06, 7.43888540455373e-06, 7.440635272359941e-06, 7.4415111157577485e-06], "canal3": [7.668068064958788e-06, 7.66301582189044e-06, 7.664459189982153e-06, 7.66301582189044e-06, 7.663737960683648e-06, 7.663737960683648e-06, 7.664459189982153e-06, 7.665181328775361e-06, 7.666623787372373e-06, 7.664459189982153e-06], "canal4": [5.737229457736248e-06, 5.734899787057657e-06, 5.734899787057657e-06, 5.735676495532971e-06, 5.734899787057657e-06, 5.732571025873767e-06, 5.735676495532971e-06, 5.731794772145804e-06, 5.735676495532971e-06, 5.734899787057657e-06]}