{"canal1": [6.32550700174761e-06, 6.323760771920206e-06, 6.327253231575014e-06, 6.320268312265398e-06, 6.326380116661312e-06, 6.328126346488716e-06, 6.324633886833908e-06, 6.327253231575014e-06, 6.322887657006504e-06, 6.328999006655067e-06], "canal2": [7.487032235076185e-06, 7.491408723581117e-06, 7.490534244425362e-06, 7.492284112231573e-06, 7.492284112231573e-06, 7.496661510231206e-06, 7.49315995562938e-06, 7.492284112231573e-06, 7.491408723581117e-06, 7.489658401027555e-06], "canal3": [7.709206329309382e-06, 7.712093065492809e-06, 7.708485100010876e-06, 7.707762961217668e-06, 7.708485100010876e-06, 7.710649697401095e-06, 7.707762961217668e-06, 7.708485100010876e-06, 7.709927558607887e-06, 7.709206329309382e-06], "canal4": [5.761298325523967e-06, 5.765180503658485e-06, 5.765956757386448e-06, 5.76207457925193e-06, 5.764403795183171e-06, 5.76207457925193e-06, 5.765180503658485e-06, 5.765180503658485e-06, 5.764403795183171e-06, 5.764403795183171e-06]}