{"canal1": [6.3036800383997615e-06, 6.301934263319708e-06, 6.3028069234860595e-06, 6.3028069234860595e-06, 6.3045531533134636e-06, 6.308045158220921e-06, 6.3036800383997615e-06, 6.3062993831408676e-06, 6.3010606936586555e-06, 6.3045531533134636e-06], "canal2": [7.4695240073197056e-06, 7.466021997970529e-06, 7.4677736847661436e-06, 7.4695240073197056e-06, 7.466897386620985e-06, 7.466021997970529e-06, 7.4686490734166e-06, 7.466021997970529e-06, 7.462520898116054e-06, 7.466897386620985e-06], "canal3": [7.686111530347262e-06, 7.687553988944273e-06, 7.687553988944273e-06, 7.684667252760846e-06, 7.683223884669133e-06, 7.684667252760846e-06, 7.688276127737481e-06, 7.68394602346234e-06, 7.688998266530689e-06, 7.682501745875925e-06], "canal4": [5.751204753323691e-06, 5.747323029936524e-06, 5.749651791120414e-06, 5.7535339692549314e-06, 5.752757260779617e-06, 5.750428044848377e-06, 5.748099283664487e-06, 5.750428044848377e-06, 5.747323029936524e-06, 5.747323029936524e-06]}