{"canal1": [6.3403490457858425e-06, 6.3464608501817565e-06, 6.3438415054406505e-06, 6.3455877352680545e-06, 6.3447146203543525e-06, 6.3447146203543525e-06, 6.3464608501817565e-06, 6.3473339650954586e-06, 6.3447146203543525e-06, 6.349079740175512e-06], "canal2": [7.515045126638142e-06, 7.514169737987686e-06, 7.514169737987686e-06, 7.512418960686773e-06, 7.5132943493372295e-06, 7.516796358686406e-06, 7.514169737987686e-06, 7.510667728638509e-06, 7.511543572036317e-06, 7.515045126638142e-06], "canal3": [7.724362149019726e-06, 7.726527655904647e-06, 7.728692253294867e-06, 7.729415301582776e-06, 7.727970114501659e-06, 7.728692253294867e-06, 7.72580551711144e-06, 7.727249794697855e-06, 7.729415301582776e-06, 7.726527655904647e-06], "canal4": [5.779932052973891e-06, 5.776049874839373e-06, 5.77760283704265e-06, 5.776826583314687e-06, 5.781485015177168e-06, 5.775273166364059e-06, 5.779932052973891e-06, 5.776049874839373e-06, 5.77760283704265e-06, 5.779155344498577e-06]}