{"canal1": [6.32550700174761e-06, 6.326380116661312e-06, 6.324633886833908e-06, 6.328126346488716e-06, 6.327253231575014e-06, 6.324633886833908e-06, 6.326380116661312e-06, 6.323760771920206e-06, 6.323760771920206e-06, 6.32550700174761e-06], "canal2": [7.490534244425362e-06, 7.490534244425362e-06, 7.492284112231573e-06, 7.492284112231573e-06, 7.49315995562938e-06, 7.49578612158075e-06, 7.490534244425362e-06, 7.494910278182942e-06, 7.488783012377098e-06, 7.488783012377098e-06], "canal3": [7.709927558607887e-06, 7.705597454332747e-06, 7.707762961217668e-06, 7.712093065492809e-06, 7.709206329309382e-06, 7.706318683631252e-06, 7.708485100010876e-06, 7.707762961217668e-06, 7.706318683631252e-06, 7.707762961217668e-06], "canal4": [5.760521617048653e-06, 5.760521617048653e-06, 5.763627541455207e-06, 5.764403795183171e-06, 5.767509264842374e-06, 5.765180503658485e-06, 5.762851287727244e-06, 5.765180503658485e-06, 5.762851287727244e-06, 5.763627541455207e-06]}