{"canal1": [6.5105987232527696e-06, 6.512344498332823e-06, 6.512344498332823e-06, 6.512344498332823e-06, 6.5079793785116635e-06, 6.5071062635979615e-06, 6.5105987232527696e-06, 6.5097256083390675e-06, 6.5114722929138225e-06, 6.5114722929138225e-06], "canal2": [7.696253305766732e-06, 7.696253305766732e-06, 7.694502528465819e-06, 7.702380571572576e-06, 7.698004083067644e-06, 7.691875907767098e-06, 7.692751751164906e-06, 7.696253305766732e-06, 7.698004083067644e-06, 7.697128239669837e-06], "canal3": [7.879531949583907e-06, 7.880976227170322e-06, 7.879531949583907e-06, 7.878089490986895e-06, 7.879531949583907e-06, 7.881697456468828e-06, 7.880976227170322e-06, 7.879531949583907e-06, 7.880254088377114e-06, 7.876646122895181e-06], "canal4": [5.8831938076764345e-06, 5.883970061404398e-06, 5.887075531063601e-06, 5.883970061404398e-06, 5.885523023607675e-06, 5.883970061404398e-06, 5.886299732082989e-06, 5.884746315132361e-06, 5.881641300220508e-06, 5.884746315132361e-06]}