{"canal1": [6.377891168085625e-06, 6.37090670352336e-06, 6.373526048264466e-06, 6.37090670352336e-06, 6.370033588609658e-06, 6.37090670352336e-06, 6.37090670352336e-06, 6.375271823344519e-06, 6.373526048264466e-06, 6.374399617925519e-06], "canal2": [7.541307240899187e-06, 7.543932952103205e-06, 7.54568463889882e-06, 7.542183084296994e-06, 7.544809250248363e-06, 7.542183084296994e-06, 7.54305847294745e-06, 7.54305847294745e-06, 7.54568463889882e-06, 7.54568463889882e-06], "canal3": [7.75106582295848e-06, 7.752510100544896e-06, 7.75395346863661e-06, 7.754675607429817e-06, 7.750344593659975e-06, 7.75395346863661e-06, 7.751787961751688e-06, 7.754675607429817e-06, 7.75395346863661e-06, 7.751787961751688e-06], "canal4": [5.795460310764611e-06, 5.79313109483337e-06, 5.79313109483337e-06, 5.793906893813983e-06, 5.795460310764611e-06, 5.790025170426816e-06, 5.791578132630093e-06, 5.791578132630093e-06, 5.794683602289297e-06, 5.793906893813983e-06]}