{"canal1": [6.294949344010092e-06, 6.290583769441582e-06, 6.291456884355284e-06, 6.293203114182688e-06, 6.28971065452788e-06, 6.290583769441582e-06, 6.292329999268986e-06, 6.285345534706721e-06, 6.291456884355284e-06, 6.29407622909639e-06], "canal2": [7.452015779563226e-06, 7.45376701161149e-06, 7.4511399361654185e-06, 7.450265457009664e-06, 7.454641945514595e-06, 7.4511399361654185e-06, 7.4511399361654185e-06, 7.450265457009664e-06, 7.456392722815508e-06, 7.459018888766877e-06], "canal3": [7.678893780393992e-06, 7.67672827350907e-06, 7.67456367611885e-06, 7.678172551095486e-06, 7.67672827350907e-06, 7.677450412302278e-06, 7.677450412302278e-06, 7.675284905417357e-06, 7.678893780393992e-06, 7.675284905417357e-06], "canal4": [5.741111635870766e-06, 5.740335382142803e-06, 5.741887434851378e-06, 5.742664143326692e-06, 5.7442171055299696e-06, 5.74654632146121e-06, 5.745769612985896e-06, 5.736453204008285e-06, 5.741111635870766e-06, 5.744993814005284e-06]}