{"canal1": [6.351699084916618e-06, 6.356064659485128e-06, 6.351699084916618e-06, 6.357810434565181e-06, 6.356064659485128e-06, 6.357810434565181e-06, 6.349953309836565e-06, 6.354318429657724e-06, 6.349953309836565e-06, 6.35257219983032e-06], "canal2": [7.523799013142707e-06, 7.522048235841794e-06, 7.52554979044362e-06, 7.523799013142707e-06, 7.52292362449225e-06, 7.524674401793163e-06, 7.5194225246377755e-06, 7.518546681239968e-06, 7.523799013142707e-06, 7.526425633841427e-06], "canal3": [7.734466635156423e-06, 7.736632142041344e-06, 7.735910003248136e-06, 7.736632142041344e-06, 7.738075510133058e-06, 7.735910003248136e-06, 7.735910003248136e-06, 7.736632142041344e-06, 7.735910003248136e-06, 7.735910003248136e-06], "canal4": [5.787695954495575e-06, 5.783037522633094e-06, 5.784590484836372e-06, 5.783037522633094e-06, 5.7838137763610575e-06, 5.780708761449205e-06, 5.778379090770613e-06, 5.7838137763610575e-06, 5.786142992292298e-06, 5.781485015177168e-06]}