{"canal1": [6.288837994361529e-06, 6.292329999268986e-06, 6.291456884355284e-06, 6.288837994361529e-06, 6.293203114182688e-06, 6.291456884355284e-06, 6.287964424700476e-06, 6.288837994361529e-06, 6.290583769441582e-06, 6.2958220041764434e-06], "canal2": [7.4485142249614e-06, 7.455517334165052e-06, 7.450265457009664e-06, 7.447638836310944e-06, 7.4511399361654185e-06, 7.454641945514595e-06, 7.449390068359207e-06, 7.452015779563226e-06, 7.45376701161149e-06, 7.456392722815508e-06], "canal3": [7.67672827350907e-06, 7.678172551095486e-06, 7.67456367611885e-06, 7.676006134715863e-06, 7.673841537325643e-06, 7.676006134715863e-06, 7.673120308027137e-06, 7.67456367611885e-06, 7.678172551095486e-06, 7.673841537325643e-06], "canal4": [5.7434403970546555e-06, 5.7434403970546555e-06, 5.741111635870766e-06, 5.7442171055299696e-06, 5.741887434851378e-06, 5.741887434851378e-06, 5.7387824199395254e-06, 5.7387824199395254e-06, 5.742664143326692e-06, 5.739558673667489e-06]}