{"canal1": [6.379638307407731e-06, 6.377891168085625e-06, 6.3805105128267314e-06, 6.379638307407731e-06, 6.381384082487784e-06, 6.379638307407731e-06, 6.378764737746678e-06, 6.377018962666625e-06, 6.371780273184413e-06, 6.3805105128267314e-06], "canal2": [7.5509365160542075e-06, 7.551811904704664e-06, 7.553563136752928e-06, 7.548310350102838e-06, 7.553563136752928e-06, 7.54568463889882e-06, 7.5509365160542075e-06, 7.554437615908682e-06, 7.553563136752928e-06, 7.553563136752928e-06], "canal3": [7.759005711704958e-06, 7.760449079796672e-06, 7.761891538393684e-06, 7.759726941003464e-06, 7.756840204820037e-06, 7.759726941003464e-06, 7.761891538393684e-06, 7.759726941003464e-06, 7.75611806602683e-06, 7.75828357291175e-06], "canal4": [5.796236564492574e-06, 5.797789526695851e-06, 5.797012818220537e-06, 5.797012818220537e-06, 5.800118742627092e-06, 5.7985657804238144e-06, 5.796236564492574e-06, 5.799342034151778e-06, 5.804776719742222e-06, 5.7985657804238144e-06]}