{"canal1": [6.286218649620423e-06, 6.286218649620423e-06, 6.285345534706721e-06, 6.287964424700476e-06, 6.284472419793019e-06, 6.278360615397105e-06, 6.284472419793019e-06, 6.286218649620423e-06, 6.284472419793019e-06, 6.287964424700476e-06], "canal2": [7.445012670359574e-06, 7.444137281709118e-06, 7.445888059010031e-06, 7.445012670359574e-06, 7.4415111157577485e-06, 7.444137281709118e-06, 7.446764357155189e-06, 7.444137281709118e-06, 7.4415111157577485e-06, 7.446764357155189e-06], "canal3": [7.666623787372373e-06, 7.66734592616558e-06, 7.665902558073867e-06, 7.67023357184371e-06, 7.670954801142216e-06, 7.67239816923393e-06, 7.67239816923393e-06, 7.66734592616558e-06, 7.668068064958788e-06, 7.66734592616558e-06], "canal4": [5.739558673667489e-06, 5.738005711464211e-06, 5.741111635870766e-06, 5.737229457736248e-06, 5.741887434851378e-06, 5.737229457736248e-06, 5.735676495532971e-06, 5.740335382142803e-06, 5.737229457736248e-06, 5.740335382142803e-06]}