{"canal1": [6.296695573837496e-06, 6.29407622909639e-06, 6.294949344010092e-06, 6.29407622909639e-06, 6.29407622909639e-06, 6.290583769441582e-06, 6.2958220041764434e-06, 6.294949344010092e-06, 6.29407622909639e-06, 6.292329999268986e-06], "canal2": [7.457269020960666e-06, 7.456392722815508e-06, 7.456392722815508e-06, 7.4511399361654185e-06, 7.45376701161149e-06, 7.456392722815508e-06, 7.460770120815141e-06, 7.45376701161149e-06, 7.45376701161149e-06, 7.456392722815508e-06], "canal3": [7.681780516577419e-06, 7.6796159191872e-06, 7.681780516577419e-06, 7.681780516577419e-06, 7.678172551095486e-06, 7.678172551095486e-06, 7.677450412302278e-06, 7.675284905417357e-06, 7.676006134715863e-06, 7.680337148485705e-06], "canal4": [5.741111635870766e-06, 5.744993814005284e-06, 5.741887434851378e-06, 5.7442171055299696e-06, 5.747323029936524e-06, 5.7442171055299696e-06, 5.741887434851378e-06, 5.7442171055299696e-06, 5.748099283664487e-06, 5.7442171055299696e-06]}