{"canal1": [6.324633886833908e-06, 6.324633886833908e-06, 6.320268312265398e-06, 6.322014996840153e-06, 6.323760771920206e-06, 6.320268312265398e-06, 6.32550700174761e-06, 6.323760771920206e-06, 6.323760771920206e-06, 6.322887657006504e-06], "canal2": [7.487907168979291e-06, 7.494910278182942e-06, 7.488783012377098e-06, 7.486156846425729e-06, 7.487907168979291e-06, 7.490534244425362e-06, 7.487907168979291e-06, 7.487907168979291e-06, 7.487032235076185e-06, 7.490534244425362e-06], "canal3": [7.70704082242446e-06, 7.708485100010876e-06, 7.712093065492809e-06, 7.710649697401095e-06, 7.70487622503424e-06, 7.706318683631252e-06, 7.706318683631252e-06, 7.70704082242446e-06, 7.709206329309382e-06, 7.707762961217668e-06], "canal4": [5.76207457925193e-06, 5.76207457925193e-06, 5.761298325523967e-06, 5.764403795183171e-06, 5.765180503658485e-06, 5.762851287727244e-06, 5.764403795183171e-06, 5.76207457925193e-06, 5.760521617048653e-06, 5.765180503658485e-06]}