{"canal1": [6.308045158220921e-06, 6.310664502962027e-06, 6.3062993831408676e-06, 6.3062993831408676e-06, 6.3062993831408676e-06, 6.3036800383997615e-06, 6.312411187536782e-06, 6.3036800383997615e-06, 6.308918273134623e-06, 6.3045531533134636e-06], "canal2": [7.4712747846206184e-06, 7.4712747846206184e-06, 7.4695240073197056e-06, 7.472150173271075e-06, 7.473025561921531e-06, 7.470399395970162e-06, 7.473900950571988e-06, 7.4695240073197056e-06, 7.472150173271075e-06, 7.473900950571988e-06], "canal3": [7.690441634622402e-06, 7.687553988944273e-06, 7.690441634622402e-06, 7.689719495829195e-06, 7.690441634622402e-06, 7.691162863920908e-06, 7.688998266530689e-06, 7.690441634622402e-06, 7.694049600104336e-06, 7.692607141507324e-06], "canal4": [5.749651791120414e-06, 5.7535339692549314e-06, 5.751204753323691e-06, 5.749651791120414e-06, 5.745769612985896e-06, 5.751981461799005e-06, 5.751204753323691e-06, 5.7488755373924505e-06, 5.749651791120414e-06, 5.751981461799005e-06]}