{"canal1": [6.283599304879317e-06, 6.287964424700476e-06, 6.286218649620423e-06, 6.283599304879317e-06, 6.283599304879317e-06, 6.286218649620423e-06, 6.284472419793019e-06, 6.283599304879317e-06, 6.283599304879317e-06, 6.283599304879317e-06], "canal2": [7.445888059010031e-06, 7.445012670359574e-06, 7.446764357155189e-06, 7.446764357155189e-06, 7.444137281709118e-06, 7.446764357155189e-06, 7.446764357155189e-06, 7.446764357155189e-06, 7.444137281709118e-06, 7.4432614383113105e-06], "canal3": [7.668789294257294e-06, 7.67023357184371e-06, 7.66734592616558e-06, 7.668789294257294e-06, 7.67023357184371e-06, 7.668789294257294e-06, 7.668068064958788e-06, 7.67023357184371e-06, 7.668068064958788e-06, 7.668068064958788e-06], "canal4": [5.739558673667489e-06, 5.738005711464211e-06, 5.738005711464211e-06, 5.739558673667489e-06, 5.737229457736248e-06, 5.739558673667489e-06, 5.7442171055299696e-06, 5.739558673667489e-06, 5.741111635870766e-06, 5.7387824199395254e-06]}