{"canal1": [6.30717249805457e-06, 6.305425813479815e-06, 6.30717249805457e-06, 6.3062993831408676e-06, 6.305425813479815e-06, 6.3045531533134636e-06, 6.305425813479815e-06, 6.30717249805457e-06, 6.305425813479815e-06, 6.305425813479815e-06], "canal2": [7.4686490734166e-06, 7.470399395970162e-06, 7.4695240073197056e-06, 7.465147518814774e-06, 7.4695240073197056e-06, 7.4695240073197056e-06, 7.470399395970162e-06, 7.472150173271075e-06, 7.4695240073197056e-06, 7.466897386620985e-06], "canal3": [7.688276127737481e-06, 7.691162863920908e-06, 7.686111530347262e-06, 7.687553988944273e-06, 7.689719495829195e-06, 7.689719495829195e-06, 7.687553988944273e-06, 7.690441634622402e-06, 7.687553988944273e-06, 7.688998266530689e-06], "canal4": [5.7488755373924505e-06, 5.751204753323691e-06, 5.749651791120414e-06, 5.751204753323691e-06, 5.751204753323691e-06, 5.752757260779617e-06, 5.748099283664487e-06, 5.752757260779617e-06, 5.752757260779617e-06, 5.752757260779617e-06]}