{"canal1": [6.277487955230754e-06, 6.28010729997186e-06, 6.28010729997186e-06, 6.278360615397105e-06, 6.275741270655999e-06, 6.280979960138211e-06, 6.277487955230754e-06, 6.283599304879317e-06, 6.280979960138211e-06, 6.285345534706721e-06], "canal2": [7.437134172505466e-06, 7.438009561155923e-06, 7.434508006554097e-06, 7.436258329107659e-06, 7.437134172505466e-06, 7.4415111157577485e-06, 7.439759883709485e-06, 7.439759883709485e-06, 7.439759883709485e-06, 7.439759883709485e-06], "canal3": [7.66301582189044e-06, 7.660850315005518e-06, 7.661572453798726e-06, 7.66301582189044e-06, 7.662293683097232e-06, 7.663737960683648e-06, 7.664459189982153e-06, 7.662293683097232e-06, 7.664459189982153e-06, 7.665181328775361e-06], "canal4": [5.73334727960173e-06, 5.732571025873767e-06, 5.732571025873767e-06, 5.738005711464211e-06, 5.731794772145804e-06, 5.73101806367049e-06, 5.734899787057657e-06, 5.735676495532971e-06, 5.73101806367049e-06, 5.735676495532971e-06]}