{"canal1": [6.381384082487784e-06, 6.376145393005572e-06, 6.376145393005572e-06, 6.372652933350764e-06, 6.376145393005572e-06, 6.377891168085625e-06, 6.377018962666625e-06, 6.377891168085625e-06, 6.379638307407731e-06, 6.379638307407731e-06], "canal2": [7.554437615908682e-06, 7.552687748102471e-06, 7.5509365160542075e-06, 7.551811904704664e-06, 7.551811904704664e-06, 7.546560027549276e-06, 7.552687748102471e-06, 7.5491857387532946e-06, 7.553563136752928e-06, 7.551811904704664e-06], "canal3": [7.755395927233621e-06, 7.75395346863661e-06, 7.756840204820037e-06, 7.75611806602683e-06, 7.75611806602683e-06, 7.753231329843402e-06, 7.756840204820037e-06, 7.755395927233621e-06, 7.75828357291175e-06, 7.75828357291175e-06], "canal4": [5.797012818220537e-06, 5.800894996355055e-06, 5.796236564492574e-06, 5.797012818220537e-06, 5.792354386358056e-06, 5.800118742627092e-06, 5.7985657804238144e-06, 5.7985657804238144e-06, 5.797012818220537e-06, 5.800118742627092e-06]}