{"canal1": [6.284472419793019e-06, 6.287964424700476e-06, 6.283599304879317e-06, 6.284472419793019e-06, 6.287091764534125e-06, 6.290583769441582e-06, 6.284472419793019e-06, 6.284472419793019e-06, 6.287091764534125e-06, 6.286218649620423e-06], "canal2": [7.447638836310944e-06, 7.444137281709118e-06, 7.445012670359574e-06, 7.4432614383113105e-06, 7.4432614383113105e-06, 7.446764357155189e-06, 7.4432614383113105e-06, 7.450265457009664e-06, 7.446764357155189e-06, 7.446764357155189e-06], "canal3": [7.6695105235558e-06, 7.6695105235558e-06, 7.665902558073867e-06, 7.673120308027137e-06, 7.668789294257294e-06, 7.67023357184371e-06, 7.67023357184371e-06, 7.668068064958788e-06, 7.6695105235558e-06, 7.67239816923393e-06], "canal4": [5.7387824199395254e-06, 5.736453204008285e-06, 5.738005711464211e-06, 5.7434403970546555e-06, 5.737229457736248e-06, 5.741111635870766e-06, 5.739558673667489e-06, 5.737229457736248e-06, 5.740335382142803e-06, 5.740335382142803e-06]}