{"canal1": [6.2958220041764434e-06, 6.29407622909639e-06, 6.296695573837496e-06, 6.294949344010092e-06, 6.292329999268986e-06, 6.294949344010092e-06, 6.29407622909639e-06, 6.2958220041764434e-06, 6.293203114182688e-06, 6.294949344010092e-06], "canal2": [7.459018888766877e-06, 7.454641945514595e-06, 7.454641945514595e-06, 7.460770120815141e-06, 7.457269020960666e-06, 7.455517334165052e-06, 7.457269020960666e-06, 7.458143500116421e-06, 7.458143500116421e-06, 7.458143500116421e-06], "canal3": [7.678172551095486e-06, 7.680337148485705e-06, 7.678172551095486e-06, 7.682501745875925e-06, 7.676006134715863e-06, 7.678172551095486e-06, 7.67672827350907e-06, 7.677450412302278e-06, 7.676006134715863e-06, 7.6796159191872e-06], "canal4": [5.7442171055299696e-06, 5.745769612985896e-06, 5.74654632146121e-06, 5.7488755373924505e-06, 5.745769612985896e-06, 5.745769612985896e-06, 5.744993814005284e-06, 5.742664143326692e-06, 5.7442171055299696e-06, 5.741887434851378e-06]}