{"canal1": [6.305425813479815e-06, 6.30717249805457e-06, 6.30717249805457e-06, 6.308918273134623e-06, 6.30717249805457e-06, 6.30717249805457e-06, 6.308918273134623e-06, 6.308045158220921e-06, 6.3036800383997615e-06, 6.309791842795676e-06], "canal2": [7.4695240073197056e-06, 7.4695240073197056e-06, 7.472150173271075e-06, 7.472150173271075e-06, 7.473900950571988e-06, 7.473025561921531e-06, 7.4756521826202516e-06, 7.472150173271075e-06, 7.473025561921531e-06, 7.472150173271075e-06], "canal3": [7.694049600104336e-06, 7.688998266530689e-06, 7.691162863920908e-06, 7.689719495829195e-06, 7.69332837080583e-06, 7.695493877690751e-06, 7.694049600104336e-06, 7.691162863920908e-06, 7.690441634622402e-06, 7.691162863920908e-06], "canal4": [5.7535339692549314e-06, 5.751204753323691e-06, 5.7535339692549314e-06, 5.755086931458209e-06, 5.7543106777302455e-06, 5.752757260779617e-06, 5.7543106777302455e-06, 5.751204753323691e-06, 5.749651791120414e-06, 5.752757260779617e-06]}