{"canal1": [6.305425813479815e-06, 6.3045531533134636e-06, 6.301934263319708e-06, 6.30717249805457e-06, 6.3036800383997615e-06, 6.3036800383997615e-06, 6.3045531533134636e-06, 6.308045158220921e-06, 6.30717249805457e-06, 6.3010606936586555e-06], "canal2": [7.4686490734166e-06, 7.470399395970162e-06, 7.4686490734166e-06, 7.466021997970529e-06, 7.466021997970529e-06, 7.473900950571988e-06, 7.473900950571988e-06, 7.464271675416967e-06, 7.4677736847661436e-06, 7.4686490734166e-06], "canal3": [7.688276127737481e-06, 7.689719495829195e-06, 7.686832759645768e-06, 7.687553988944273e-06, 7.686832759645768e-06, 7.691162863920908e-06, 7.687553988944273e-06, 7.686111530347262e-06, 7.69332837080583e-06, 7.685389391554054e-06], "canal4": [5.744993814005284e-06, 5.7488755373924505e-06, 5.750428044848377e-06, 5.7535339692549314e-06, 5.7488755373924505e-06, 5.74654632146121e-06, 5.751981461799005e-06, 5.7488755373924505e-06, 5.7543106777302455e-06, 5.7535339692549314e-06]}