{"canal1": [6.319395652099047e-06, 6.314156962616835e-06, 6.320268312265398e-06, 6.323760771920206e-06, 6.318522082437994e-06, 6.316776307357941e-06, 6.315902737696888e-06, 6.322887657006504e-06, 6.319395652099047e-06, 6.316776307357941e-06], "canal2": [7.4852814577752724e-06, 7.481779448426096e-06, 7.486156846425729e-06, 7.4835311352217104e-06, 7.487032235076185e-06, 7.487907168979291e-06, 7.4852814577752724e-06, 7.479153737222077e-06, 7.487032235076185e-06, 7.4835311352217104e-06], "canal3": [7.703431947447825e-06, 7.701267350057606e-06, 7.705597454332747e-06, 7.70487622503424e-06, 7.70271071814932e-06, 7.704154086241033e-06, 7.70487622503424e-06, 7.704154086241033e-06, 7.70271071814932e-06, 7.700545211264398e-06], "canal4": [5.75974536332069e-06, 5.7589691095927265e-06, 5.7589691095927265e-06, 5.7589691095927265e-06, 5.76207457925193e-06, 5.755863639933523e-06, 5.758192401117412e-06, 5.758192401117412e-06, 5.760521617048653e-06, 5.758192401117412e-06]}