{"canal1": [6.396226126526017e-06, 6.39797190160607e-06, 6.399718131433474e-06, 6.400591246347176e-06, 6.395352556864964e-06, 6.395352556864964e-06, 6.399718131433474e-06, 6.398845471267123e-06, 6.39797190160607e-06, 6.393606781784911e-06], "canal2": [7.5728216870629694e-06, 7.5710713645094074e-06, 7.573697075713426e-06, 7.5710713645094074e-06, 7.573697075713426e-06, 7.576324151159497e-06, 7.5701955211116e-06, 7.5728216870629694e-06, 7.5710713645094074e-06, 7.571946753159864e-06], "canal3": [7.775604899507016e-06, 7.778491635690443e-06, 7.778491635690443e-06, 7.774161531415302e-06, 7.77704826759873e-06, 7.776327038300224e-06, 7.779935003782157e-06, 7.774161531415302e-06, 7.770552656438667e-06, 7.77704826759873e-06], "canal4": [5.81098811380798e-06, 5.807882644148776e-06, 5.8133173297392204e-06, 5.812541076011257e-06, 5.8133173297392204e-06, 5.81098811380798e-06, 5.809435151604703e-06, 5.807882644148776e-06, 5.807882644148776e-06, 5.8133173297392204e-06]}