{"canal1": [6.288837994361529e-06, 6.28971065452788e-06, 6.283599304879317e-06, 6.287964424700476e-06, 6.287091764534125e-06, 6.283599304879317e-06, 6.287964424700476e-06, 6.287964424700476e-06, 6.28971065452788e-06, 6.285345534706721e-06], "canal2": [7.449390068359207e-06, 7.447638836310944e-06, 7.445012670359574e-06, 7.4511399361654185e-06, 7.4485142249614e-06, 7.449390068359207e-06, 7.445012670359574e-06, 7.445012670359574e-06, 7.4415111157577485e-06, 7.446764357155189e-06], "canal3": [7.67239816923393e-06, 7.675284905417357e-06, 7.670954801142216e-06, 7.6695105235558e-06, 7.668789294257294e-06, 7.668789294257294e-06, 7.67239816923393e-06, 7.671676939935423e-06, 7.67239816923393e-06, 7.673841537325643e-06], "canal4": [5.742664143326692e-06, 5.7387824199395254e-06, 5.7387824199395254e-06, 5.739558673667489e-06, 5.7387824199395254e-06, 5.734123533329694e-06, 5.741111635870766e-06, 5.741111635870766e-06, 5.739558673667489e-06, 5.740335382142803e-06]}