{"canal1": [6.52893322694581e-06, 6.530679002025863e-06, 6.534171916428022e-06, 6.529806341859512e-06, 6.531552571686916e-06, 6.532425231853267e-06, 6.532425231853267e-06, 6.534171916428022e-06, 6.528060112032108e-06, 6.532425231853267e-06], "canal2": [7.719889254076406e-06, 7.715511856076773e-06, 7.714636922173668e-06, 7.71638769947458e-06, 7.718138476775493e-06, 7.715511856076773e-06, 7.719013410678599e-06, 7.717262633377686e-06, 7.718138476775493e-06, 7.717262633377686e-06], "canal3": [7.896132046880666e-06, 7.897574505477678e-06, 7.896854185673874e-06, 7.899019692558795e-06, 7.899019692558795e-06, 7.90190551924752e-06, 7.895409908087458e-06, 7.896854185673874e-06, 7.898297553765588e-06, 7.901184289949015e-06], "canal4": [5.899498319195118e-06, 5.89328692512936e-06, 5.896392849535914e-06, 5.894063178857323e-06, 5.900274572923081e-06, 5.899498319195118e-06, 5.901051281398395e-06, 5.900274572923081e-06, 5.8979453569918405e-06, 5.897169103263877e-06]}