{"canal1": [6.351699084916618e-06, 6.349953309836565e-06, 6.351699084916618e-06, 6.356064659485128e-06, 6.35257219983032e-06, 6.350826424750267e-06, 6.351699084916618e-06, 6.351699084916618e-06, 6.351699084916618e-06, 6.350826424750267e-06], "canal2": [7.522048235841794e-06, 7.5211728471913375e-06, 7.523799013142707e-06, 7.523799013142707e-06, 7.52292362449225e-06, 7.5211728471913375e-06, 7.518546681239968e-06, 7.52292362449225e-06, 7.523799013142707e-06, 7.520297913288232e-06], "canal3": [7.730136530881282e-06, 7.73735337133985e-06, 7.73302326706471e-06, 7.736632142041344e-06, 7.733744496363215e-06, 7.732301128271502e-06, 7.732301128271502e-06, 7.733744496363215e-06, 7.729415301582776e-06, 7.735187864454929e-06], "canal4": [5.779155344498577e-06, 5.779932052973891e-06, 5.782261268905131e-06, 5.779932052973891e-06, 5.779155344498577e-06, 5.781485015177168e-06, 5.773721113655483e-06, 5.779155344498577e-06, 5.77760283704265e-06, 5.782261268905131e-06]}