{"canal1": [6.294949344010092e-06, 6.294949344010092e-06, 6.3010606936586555e-06, 6.297568688751198e-06, 6.2958220041764434e-06, 6.297568688751198e-06, 6.299314918578602e-06, 6.299314918578602e-06, 6.2984413489175495e-06, 6.2958220041764434e-06], "canal2": [7.455517334165052e-06, 7.460770120815141e-06, 7.458143500116421e-06, 7.458143500116421e-06, 7.455517334165052e-06, 7.455517334165052e-06, 7.460770120815141e-06, 7.459894732164685e-06, 7.461644599970896e-06, 7.458143500116421e-06], "canal3": [7.6796159191872e-06, 7.6796159191872e-06, 7.68394602346234e-06, 7.680337148485705e-06, 7.681059287278913e-06, 7.6796159191872e-06, 7.68394602346234e-06, 7.681059287278913e-06, 7.677450412302278e-06, 7.681059287278913e-06], "canal4": [5.74654632146121e-06, 5.745769612985896e-06, 5.74654632146121e-06, 5.740335382142803e-06, 5.744993814005284e-06, 5.741887434851378e-06, 5.7434403970546555e-06, 5.744993814005284e-06, 5.7434403970546555e-06, 5.7434403970546555e-06]}