{"canal1": [6.30717249805457e-06, 6.310664502962027e-06, 6.309791842795676e-06, 6.3062993831408676e-06, 6.315902737696888e-06, 6.308045158220921e-06, 6.308918273134623e-06, 6.305425813479815e-06, 6.309791842795676e-06, 6.308918273134623e-06], "canal2": [7.472150173271075e-06, 7.474776339222444e-06, 7.478278348571621e-06, 7.476526661776006e-06, 7.472150173271075e-06, 7.4712747846206184e-06, 7.473900950571988e-06, 7.472150173271075e-06, 7.4774025051738136e-06, 7.476526661776006e-06], "canal3": [7.690441634622402e-06, 7.694771738897543e-06, 7.694049600104336e-06, 7.69765847508097e-06, 7.694771738897543e-06, 7.695493877690751e-06, 7.69332837080583e-06, 7.696215106989257e-06, 7.694771738897543e-06, 7.699101843172684e-06], "canal4": [5.7543106777302455e-06, 5.756639893661486e-06, 5.7535339692549314e-06, 5.7543106777302455e-06, 5.7535339692549314e-06, 5.756639893661486e-06, 5.7535339692549314e-06, 5.751981461799005e-06, 5.7543106777302455e-06, 5.755086931458209e-06]}