{"canal1": [6.319395652099047e-06, 6.315902737696888e-06, 6.316776307357941e-06, 6.319395652099047e-06, 6.317649422271643e-06, 6.318522082437994e-06, 6.317649422271643e-06, 6.318522082437994e-06, 6.315902737696888e-06, 6.316776307357941e-06], "canal2": [7.486156846425729e-06, 7.484405614377465e-06, 7.4835311352217104e-06, 7.4835311352217104e-06, 7.484405614377465e-06, 7.4835311352217104e-06, 7.4835311352217104e-06, 7.487032235076185e-06, 7.481779448426096e-06, 7.480904059775639e-06], "canal3": [7.70271071814932e-06, 7.699823981965892e-06, 7.701267350057606e-06, 7.70271071814932e-06, 7.704154086241033e-06, 7.701267350057606e-06, 7.705597454332747e-06, 7.701989488850813e-06, 7.701267350057606e-06, 7.70271071814932e-06], "canal4": [5.757416147389449e-06, 5.761298325523967e-06, 5.757416147389449e-06, 5.755086931458209e-06, 5.757416147389449e-06, 5.756639893661486e-06, 5.760521617048653e-06, 5.7589691095927265e-06, 5.755086931458209e-06, 5.758192401117412e-06]}