{"canal1": [6.365668468788499e-06, 6.370033588609658e-06, 6.370033588609658e-06, 6.368287813529605e-06, 6.368287813529605e-06, 6.367414698615903e-06, 6.366541583702201e-06, 6.367414698615903e-06, 6.363922693708446e-06, 6.364795353874797e-06], "canal2": [7.536930297646904e-06, 7.539556008850923e-06, 7.538681074947817e-06, 7.541307240899187e-06, 7.543932952103205e-06, 7.539556008850923e-06, 7.54043185224873e-06, 7.536054454249097e-06, 7.542183084296994e-06, 7.54043185224873e-06], "canal3": [7.74673571868334e-06, 7.75106582295848e-06, 7.750344593659975e-06, 7.748901225568261e-06, 7.750344593659975e-06, 7.747457857476547e-06, 7.747457857476547e-06, 7.753231329843402e-06, 7.749622454866767e-06, 7.747457857476547e-06], "canal4": [5.79313109483337e-06, 5.790025170426816e-06, 5.788472662970889e-06, 5.792354386358056e-06, 5.79080187890213e-06, 5.792354386358056e-06, 5.79080187890213e-06, 5.788472662970889e-06, 5.79080187890213e-06, 5.792354386358056e-06]}