{"canal1": [6.294949344010092e-06, 6.2984413489175495e-06, 6.3001875787449535e-06, 6.3010606936586555e-06, 6.3001875787449535e-06, 6.3001875787449535e-06, 6.301934263319708e-06, 6.3036800383997615e-06, 6.3036800383997615e-06, 6.296695573837496e-06], "canal2": [7.466021997970529e-06, 7.465147518814774e-06, 7.462520898116054e-06, 7.461644599970896e-06, 7.459018888766877e-06, 7.4633962867665105e-06, 7.4633962867665105e-06, 7.4677736847661436e-06, 7.4633962867665105e-06, 7.459894732164685e-06], "canal3": [7.681059287278913e-06, 7.681780516577419e-06, 7.685389391554054e-06, 7.685389391554054e-06, 7.68394602346234e-06, 7.68394602346234e-06, 7.685389391554054e-06, 7.686111530347262e-06, 7.681780516577419e-06, 7.686832759645768e-06], "canal4": [5.748099283664487e-06, 5.749651791120414e-06, 5.74654632146121e-06, 5.745769612985896e-06, 5.747323029936524e-06, 5.748099283664487e-06, 5.745769612985896e-06, 5.748099283664487e-06, 5.751204753323691e-06, 5.74654632146121e-06]}