{"canal1": [6.335110811050981e-06, 6.334237696137279e-06, 6.338603270705789e-06, 6.339476385619491e-06, 6.334237696137279e-06, 6.336857040878385e-06, 6.335110811050981e-06, 6.335110811050981e-06, 6.335110811050981e-06, 6.335983925964683e-06], "canal2": [7.504540462832665e-06, 7.4992876761825755e-06, 7.501914296881296e-06, 7.503665074182209e-06, 7.5071661740366835e-06, 7.503665074182209e-06, 7.50278877603705e-06, 7.5071661740366835e-06, 7.50278877603705e-06, 7.50278877603705e-06], "canal3": [7.722197551629506e-06, 7.718588676652871e-06, 7.722197551629506e-06, 7.719309905951377e-06, 7.722919690422714e-06, 7.722197551629506e-06, 7.718588676652871e-06, 7.720032044744585e-06, 7.715701940469444e-06, 7.719309905951377e-06], "canal4": [5.771391442976892e-06, 5.7690622270456515e-06, 5.769838935520966e-06, 5.772168151452206e-06, 5.772168151452206e-06, 5.7744973673834465e-06, 5.772168151452206e-06, 5.771391442976892e-06, 5.770615189248929e-06, 5.7744973673834465e-06]}