{"canal1": [6.282726189965615e-06, 6.283599304879317e-06, 6.284472419793019e-06, 6.284472419793019e-06, 6.281853529799264e-06, 6.282726189965615e-06, 6.282726189965615e-06, 6.282726189965615e-06, 6.282726189965615e-06, 6.286218649620423e-06], "canal2": [7.439759883709485e-06, 7.445012670359574e-06, 7.438009561155923e-06, 7.444137281709118e-06, 7.4415111157577485e-06, 7.442386959155556e-06, 7.4415111157577485e-06, 7.439759883709485e-06, 7.4415111157577485e-06, 7.439759883709485e-06], "canal3": [7.6695105235558e-06, 7.663737960683648e-06, 7.67023357184371e-06, 7.664459189982153e-06, 7.666623787372373e-06, 7.664459189982153e-06, 7.663737960683648e-06, 7.668068064958788e-06, 7.662293683097232e-06, 7.666623787372373e-06], "canal4": [5.740335382142803e-06, 5.737229457736248e-06, 5.734123533329694e-06, 5.739558673667489e-06, 5.73101806367049e-06, 5.732571025873767e-06, 5.734899787057657e-06, 5.734899787057657e-06, 5.737229457736248e-06, 5.737229457736248e-06]}