{"canal1": [6.305425813479815e-06, 6.310664502962027e-06, 6.308045158220921e-06, 6.312411187536782e-06, 6.305425813479815e-06, 6.310664502962027e-06, 6.308918273134623e-06, 6.305425813479815e-06, 6.30717249805457e-06, 6.308918273134623e-06], "canal2": [7.478278348571621e-06, 7.473025561921531e-06, 7.472150173271075e-06, 7.474776339222444e-06, 7.473900950571988e-06, 7.473025561921531e-06, 7.470399395970162e-06, 7.473900950571988e-06, 7.474776339222444e-06, 7.4712747846206184e-06], "canal3": [7.691884093219414e-06, 7.69332837080583e-06, 7.695493877690751e-06, 7.691884093219414e-06, 7.691162863920908e-06, 7.69332837080583e-06, 7.690441634622402e-06, 7.69332837080583e-06, 7.692607141507324e-06, 7.691162863920908e-06], "canal4": [5.751204753323691e-06, 5.751981461799005e-06, 5.752757260779617e-06, 5.747323029936524e-06, 5.752757260779617e-06, 5.751981461799005e-06, 5.751981461799005e-06, 5.752757260779617e-06, 5.755863639933523e-06, 5.749651791120414e-06]}