{"canal1": [6.301934263319708e-06, 6.3001875787449535e-06, 6.2958220041764434e-06, 6.2984413489175495e-06, 6.3010606936586555e-06, 6.299314918578602e-06, 6.297568688751198e-06, 6.297568688751198e-06, 6.3028069234860595e-06, 6.3001875787449535e-06], "canal2": [7.462520898116054e-06, 7.462520898116054e-06, 7.460770120815141e-06, 7.461644599970896e-06, 7.462520898116054e-06, 7.462520898116054e-06, 7.462520898116054e-06, 7.464271675416967e-06, 7.460770120815141e-06, 7.458143500116421e-06], "canal3": [7.683223884669133e-06, 7.682501745875925e-06, 7.68394602346234e-06, 7.683223884669133e-06, 7.682501745875925e-06, 7.68394602346234e-06, 7.678172551095486e-06, 7.681780516577419e-06, 7.680337148485705e-06, 7.682501745875925e-06], "canal4": [5.750428044848377e-06, 5.745769612985896e-06, 5.745769612985896e-06, 5.74654632146121e-06, 5.74654632146121e-06, 5.7488755373924505e-06, 5.74654632146121e-06, 5.74654632146121e-06, 5.74654632146121e-06, 5.7442171055299696e-06]}