{"canal1": [6.3429683905269485e-06, 6.3473339650954586e-06, 6.3438415054406505e-06, 6.3473339650954586e-06, 6.3438415054406505e-06, 6.351699084916618e-06, 6.3482070800091606e-06, 6.3464608501817565e-06, 6.3447146203543525e-06, 6.3473339650954586e-06], "canal2": [7.517670837842161e-06, 7.512418960686773e-06, 7.515045126638142e-06, 7.5132943493372295e-06, 7.515045126638142e-06, 7.5132943493372295e-06, 7.512418960686773e-06, 7.515920515288599e-06, 7.515045126638142e-06, 7.518546681239968e-06], "canal3": [7.72580551711144e-06, 7.728692253294867e-06, 7.727970114501659e-06, 7.727970114501659e-06, 7.730136530881282e-06, 7.732301128271502e-06, 7.725084287812933e-06, 7.730857760179788e-06, 7.728692253294867e-06, 7.727249794697855e-06], "canal4": [5.7744973673834465e-06, 5.775273166364059e-06, 5.779932052973891e-06, 5.775273166364059e-06, 5.779932052973891e-06, 5.771391442976892e-06, 5.778379090770613e-06, 5.7744973673834465e-06, 5.77760283704265e-06, 5.776826583314687e-06]}