{"canal1": [6.335110811050981e-06, 6.330745691229822e-06, 6.332491921057226e-06, 6.335983925964683e-06, 6.3377297010447364e-06, 6.334237696137279e-06, 6.333364581223577e-06, 6.335983925964683e-06, 6.331618351396173e-06, 6.332491921057226e-06], "canal2": [7.503665074182209e-06, 7.4992876761825755e-06, 7.503665074182209e-06, 7.50278877603705e-06, 7.5071661740366835e-06, 7.503665074182209e-06, 7.50278877603705e-06, 7.504540462832665e-06, 7.50278877603705e-06, 7.498413197026821e-06], "canal3": [7.71642316976795e-06, 7.718588676652871e-06, 7.717145308561157e-06, 7.721475412836298e-06, 7.717145308561157e-06, 7.722197551629506e-06, 7.71642316976795e-06, 7.717145308561157e-06, 7.718588676652871e-06, 7.713536433584522e-06], "canal4": [5.768285973317688e-06, 5.7690622270456515e-06, 5.771391442976892e-06, 5.769838935520966e-06, 5.765956757386448e-06, 5.766733011114411e-06, 5.771391442976892e-06, 5.769838935520966e-06, 5.770615189248929e-06, 5.772168151452206e-06]}