{"canal1": [6.356064659485128e-06, 6.357810434565181e-06, 6.360429779306287e-06, 6.36130334896734e-06, 6.362176009133691e-06, 6.359557119139936e-06, 6.356064659485128e-06, 6.358684004226234e-06, 6.357810434565181e-06, 6.360429779306287e-06], "canal2": [7.5290513450454455e-06, 7.5290513450454455e-06, 7.534304131695535e-06, 7.532552899647271e-06, 7.532552899647271e-06, 7.524674401793163e-06, 7.533428288297728e-06, 7.523799013142707e-06, 7.52817641114234e-06, 7.52817641114234e-06], "canal3": [7.740962246316485e-06, 7.740240107523277e-06, 7.742405614408199e-06, 7.740962246316485e-06, 7.743126843706705e-06, 7.742405614408199e-06, 7.738797648926266e-06, 7.738797648926266e-06, 7.740240107523277e-06, 7.743126843706705e-06], "canal4": [5.787695954495575e-06, 5.784590484836372e-06, 5.782261268905131e-06, 5.791578132630093e-06, 5.786142992292298e-06, 5.784590484836372e-06, 5.783037522633094e-06, 5.786142992292298e-06, 5.7838137763610575e-06, 5.788472662970889e-06]}