{"canal1": [6.420672434614971e-06, 6.425911124097183e-06, 6.425911124097183e-06, 6.4276568991772365e-06, 6.4285300140909385e-06, 6.4267837842635345e-06, 6.4302762439183425e-06, 6.423291779356077e-06, 6.4276568991772365e-06, 6.4241644395224284e-06], "canal2": [7.59995918997447e-06, 7.60521197662456e-06, 7.606086910527665e-06, 7.603460744576296e-06, 7.602585355925839e-06, 7.602585355925839e-06, 7.60521197662456e-06, 7.602585355925839e-06, 7.602585355925839e-06, 7.6008345786249265e-06], "canal3": [7.803030712238979e-06, 7.801586434652563e-06, 7.801586434652563e-06, 7.800865205354057e-06, 7.80447317083599e-06, 7.803030712238979e-06, 7.802307663951069e-06, 7.803752851032186e-06, 7.80014306656085e-06, 7.800865205354057e-06], "canal4": [5.830398549733218e-06, 5.8265163715987e-06, 5.830398549733218e-06, 5.8288455875299405e-06, 5.829622296005255e-06, 5.8288455875299405e-06, 5.829622296005255e-06, 5.830398549733218e-06, 5.827292625326663e-06, 5.831174803461181e-06]}