{"canal1": [6.309791842795676e-06, 6.310664502962027e-06, 6.309791842795676e-06, 6.310664502962027e-06, 6.305425813479815e-06, 6.311537617875729e-06, 6.308918273134623e-06, 6.308918273134623e-06, 6.308918273134623e-06, 6.308045158220921e-06], "canal2": [7.473025561921531e-06, 7.473900950571988e-06, 7.474776339222444e-06, 7.473025561921531e-06, 7.473900950571988e-06, 7.474776339222444e-06, 7.4712747846206184e-06, 7.4695240073197056e-06, 7.4712747846206184e-06, 7.473025561921531e-06], "canal3": [7.690441634622402e-06, 7.691884093219414e-06, 7.691884093219414e-06, 7.691884093219414e-06, 7.694049600104336e-06, 7.69332837080583e-06, 7.69332837080583e-06, 7.690441634622402e-06, 7.690441634622402e-06, 7.690441634622402e-06], "canal4": [5.751981461799005e-06, 5.752757260779617e-06, 5.752757260779617e-06, 5.7543106777302455e-06, 5.752757260779617e-06, 5.7535339692549314e-06, 5.750428044848377e-06, 5.752757260779617e-06, 5.751204753323691e-06, 5.751204753323691e-06]}