{"canal1": [6.276614840317052e-06, 6.279234185058158e-06, 6.279234185058158e-06, 6.279234185058158e-06, 6.277487955230754e-06, 6.280979960138211e-06, 6.278360615397105e-06, 6.275741270655999e-06, 6.282726189965615e-06, 6.281853529799264e-06], "canal2": [7.439759883709485e-06, 7.43888540455373e-06, 7.4432614383113105e-06, 7.436258329107659e-06, 7.439759883709485e-06, 7.440635272359941e-06, 7.439759883709485e-06, 7.439759883709485e-06, 7.4432614383113105e-06, 7.4415111157577485e-06], "canal3": [7.66301582189044e-06, 7.661572453798726e-06, 7.660850315005518e-06, 7.663737960683648e-06, 7.664459189982153e-06, 7.663737960683648e-06, 7.659407856408507e-06, 7.663737960683648e-06, 7.663737960683648e-06, 7.663737960683648e-06], "canal4": [5.73334727960173e-06, 5.7387824199395254e-06, 5.734123533329694e-06, 5.737229457736248e-06, 5.736453204008285e-06, 5.734899787057657e-06, 5.735676495532971e-06, 5.738005711464211e-06, 5.736453204008285e-06, 5.735676495532971e-06]}