{"canal1": [6.294949344010092e-06, 6.293203114182688e-06, 6.296695573837496e-06, 6.294949344010092e-06, 6.293203114182688e-06, 6.299314918578602e-06, 6.293203114182688e-06, 6.296695573837496e-06, 6.291456884355284e-06, 6.29407622909639e-06], "canal2": [7.454641945514595e-06, 7.460770120815141e-06, 7.456392722815508e-06, 7.454641945514595e-06, 7.452891622961033e-06, 7.459018888766877e-06, 7.456392722815508e-06, 7.456392722815508e-06, 7.457269020960666e-06, 7.454641945514595e-06], "canal3": [7.67672827350907e-06, 7.681059287278913e-06, 7.677450412302278e-06, 7.675284905417357e-06, 7.678893780393992e-06, 7.680337148485705e-06, 7.678172551095486e-06, 7.678172551095486e-06, 7.676006134715863e-06, 7.6796159191872e-06], "canal4": [5.7434403970546555e-06, 5.744993814005284e-06, 5.739558673667489e-06, 5.741111635870766e-06, 5.739558673667489e-06, 5.745769612985896e-06, 5.744993814005284e-06, 5.741887434851378e-06, 5.740335382142803e-06, 5.744993814005284e-06]}