{"canal1": [6.330745691229822e-06, 6.327253231575014e-06, 6.324633886833908e-06, 6.32987257631612e-06, 6.330745691229822e-06, 6.327253231575014e-06, 6.32550700174761e-06, 6.32987257631612e-06, 6.332491921057226e-06, 6.328999006655067e-06], "canal2": [7.492284112231573e-06, 7.49315995562938e-06, 7.49315995562938e-06, 7.49315995562938e-06, 7.492284112231573e-06, 7.494035799027188e-06, 7.492284112231573e-06, 7.494035799027188e-06, 7.49578612158075e-06, 7.492284112231573e-06], "canal3": [7.710649697401095e-06, 7.709206329309382e-06, 7.711371836194303e-06, 7.710649697401095e-06, 7.710649697401095e-06, 7.712814294791315e-06, 7.708485100010876e-06, 7.712093065492809e-06, 7.709927558607887e-06, 7.706318683631252e-06], "canal4": [5.763627541455207e-06, 5.76207457925193e-06, 5.765180503658485e-06, 5.767509264842374e-06, 5.763627541455207e-06, 5.76207457925193e-06, 5.764403795183171e-06, 5.76207457925193e-06, 5.765180503658485e-06, 5.764403795183171e-06]}