{"canal1": [6.296695573837496e-06, 6.299314918578602e-06, 6.3010606936586555e-06, 6.3036800383997615e-06, 6.3010606936586555e-06, 6.3010606936586555e-06, 6.297568688751198e-06, 6.2984413489175495e-06, 6.3010606936586555e-06, 6.3001875787449535e-06], "canal2": [7.462520898116054e-06, 7.461644599970896e-06, 7.461644599970896e-06, 7.462520898116054e-06, 7.461644599970896e-06, 7.459018888766877e-06, 7.461644599970896e-06, 7.462520898116054e-06, 7.457269020960666e-06, 7.466021997970529e-06], "canal3": [7.685389391554054e-06, 7.688276127737481e-06, 7.684667252760846e-06, 7.681059287278913e-06, 7.685389391554054e-06, 7.686832759645768e-06, 7.683223884669133e-06, 7.683223884669133e-06, 7.684667252760846e-06, 7.681059287278913e-06], "canal4": [5.747323029936524e-06, 5.749651791120414e-06, 5.744993814005284e-06, 5.747323029936524e-06, 5.747323029936524e-06, 5.747323029936524e-06, 5.748099283664487e-06, 5.751204753323691e-06, 5.74654632146121e-06, 5.748099283664487e-06]}