{"canal1": [6.310664502962027e-06, 6.315030532277888e-06, 6.30717249805457e-06, 6.314156962616835e-06, 6.308918273134623e-06, 6.310664502962027e-06, 6.312411187536782e-06, 6.312411187536782e-06, 6.310664502962027e-06, 6.313283847703133e-06], "canal2": [7.474776339222444e-06, 7.479153737222077e-06, 7.4774025051738136e-06, 7.474776339222444e-06, 7.476526661776006e-06, 7.480904059775639e-06, 7.479153737222077e-06, 7.474776339222444e-06, 7.473900950571988e-06, 7.4756521826202516e-06], "canal3": [7.69332837080583e-06, 7.69332837080583e-06, 7.692607141507324e-06, 7.69765847508097e-06, 7.694049600104336e-06, 7.699101843172684e-06, 7.696936336287763e-06, 7.699101843172684e-06, 7.696215106989257e-06, 7.695493877690751e-06], "canal4": [5.751981461799005e-06, 5.756639893661486e-06, 5.756639893661486e-06, 5.7589691095927265e-06, 5.751981461799005e-06, 5.748099283664487e-06, 5.7543106777302455e-06, 5.755863639933523e-06, 5.7543106777302455e-06, 5.7543106777302455e-06]}