{"canal1": [6.400591246347176e-06, 6.398845471267123e-06, 6.395352556864964e-06, 6.401464816008229e-06, 6.405829935829388e-06, 6.404956820915686e-06, 6.403210591088282e-06, 6.398845471267123e-06, 6.399718131433474e-06, 6.396226126526017e-06], "canal2": [7.577198630315252e-06, 7.5728216870629694e-06, 7.578074473713059e-06, 7.5710713645094074e-06, 7.574572464363882e-06, 7.576324151159497e-06, 7.5710713645094074e-06, 7.5728216870629694e-06, 7.577198630315252e-06, 7.578074473713059e-06], "canal3": [7.779213774483651e-06, 7.779213774483651e-06, 7.782100510667078e-06, 7.779935003782157e-06, 7.777769496897236e-06, 7.779213774483651e-06, 7.778491635690443e-06, 7.778491635690443e-06, 7.780657142575365e-06, 7.775604899507016e-06], "canal4": [5.810211860080017e-06, 5.812541076011257e-06, 5.814870746689849e-06, 5.8140940382145345e-06, 5.815646545670461e-06, 5.814870746689849e-06, 5.812541076011257e-06, 5.81098811380798e-06, 5.812541076011257e-06, 5.810211860080017e-06]}