{"canal1": [6.3211414271791e-06, 6.322014996840153e-06, 6.323760771920206e-06, 6.320268312265398e-06, 6.320268312265398e-06, 6.318522082437994e-06, 6.319395652099047e-06, 6.322014996840153e-06, 6.317649422271643e-06, 6.322887657006504e-06], "canal2": [7.487032235076185e-06, 7.489658401027555e-06, 7.487907168979291e-06, 7.486156846425729e-06, 7.486156846425729e-06, 7.487032235076185e-06, 7.488783012377098e-06, 7.486156846425729e-06, 7.486156846425729e-06, 7.486156846425729e-06], "canal3": [7.70704082242446e-06, 7.710649697401095e-06, 7.70704082242446e-06, 7.70487622503424e-06, 7.706318683631252e-06, 7.704154086241033e-06, 7.706318683631252e-06, 7.70487622503424e-06, 7.706318683631252e-06, 7.707762961217668e-06], "canal4": [5.761298325523967e-06, 5.75974536332069e-06, 5.75974536332069e-06, 5.75974536332069e-06, 5.762851287727244e-06, 5.76207457925193e-06, 5.76207457925193e-06, 5.758192401117412e-06, 5.75974536332069e-06, 5.763627541455207e-06]}