{"canal1": [6.334237696137279e-06, 6.32550700174761e-06, 6.334237696137279e-06, 6.335110811050981e-06, 6.331618351396173e-06, 6.335110811050981e-06, 6.334237696137279e-06, 6.331618351396173e-06, 6.32987257631612e-06, 6.332491921057226e-06], "canal2": [7.5054158514831215e-06, 7.4992876761825755e-06, 7.4992876761825755e-06, 7.4992876761825755e-06, 7.494910278182942e-06, 7.501914296881296e-06, 7.500163064833032e-06, 7.500163064833032e-06, 7.4992876761825755e-06, 7.4992876761825755e-06], "canal3": [7.718588676652871e-06, 7.714979801676236e-06, 7.714979801676236e-06, 7.719309905951377e-06, 7.712814294791315e-06, 7.714979801676236e-06, 7.717145308561157e-06, 7.714979801676236e-06, 7.714979801676236e-06, 7.712814294791315e-06], "canal4": [5.770615189248929e-06, 5.765180503658485e-06, 5.767509264842374e-06, 5.768285973317688e-06, 5.769838935520966e-06, 5.766733011114411e-06, 5.766733011114411e-06, 5.769838935520966e-06, 5.767509264842374e-06, 5.768285973317688e-06]}