{"canal1": [6.445991857617628e-06, 6.445991857617628e-06, 6.444245173042873e-06, 6.445118287956575e-06, 6.442498943215469e-06, 6.443372512876522e-06, 6.439879598474363e-06, 6.443372512876522e-06, 6.445118287956575e-06, 6.443372512876522e-06], "canal2": [7.623595593031496e-06, 7.623595593031496e-06, 7.618342806381406e-06, 7.626221304235514e-06, 7.626221304235514e-06, 7.624470981681952e-06, 7.624470981681952e-06, 7.626221304235514e-06, 7.622720204381039e-06, 7.623595593031496e-06], "canal3": [7.819629900041036e-06, 7.81890867074253e-06, 7.81890867074253e-06, 7.82107326813275e-06, 7.81890867074253e-06, 7.821794497431256e-06, 7.820351129339542e-06, 7.820351129339542e-06, 7.81890867074253e-06, 7.819629900041036e-06], "canal4": [5.840491667186143e-06, 5.8435971368453465e-06, 5.841267920914106e-06, 5.841267920914106e-06, 5.842044174642069e-06, 5.841267920914106e-06, 5.844373845320661e-06, 5.83971541345818e-06, 5.8435971368453465e-06, 5.842044174642069e-06]}