{"canal1": [6.331618351396173e-06, 6.32987257631612e-06, 6.322887657006504e-06, 6.32987257631612e-06, 6.32550700174761e-06, 6.328126346488716e-06, 6.328999006655067e-06, 6.328999006655067e-06, 6.328126346488716e-06, 6.330745691229822e-06], "canal2": [7.49578612158075e-06, 7.497536898881663e-06, 7.49315995562938e-06, 7.49578612158075e-06, 7.494035799027188e-06, 7.49578612158075e-06, 7.496661510231206e-06, 7.494035799027188e-06, 7.492284112231573e-06, 7.494910278182942e-06], "canal3": [7.714979801676236e-06, 7.713536433584522e-06, 7.709927558607887e-06, 7.712814294791315e-06, 7.709927558607887e-06, 7.712093065492809e-06, 7.709927558607887e-06, 7.714979801676236e-06, 7.711371836194303e-06, 7.71425857237773e-06], "canal4": [5.765180503658485e-06, 5.765956757386448e-06, 5.765956757386448e-06, 5.762851287727244e-06, 5.765956757386448e-06, 5.766733011114411e-06, 5.76207457925193e-06, 5.768285973317688e-06, 5.765956757386448e-06, 5.766733011114411e-06]}