{"canal1": [6.277487955230754e-06, 6.281853529799264e-06, 6.28010729997186e-06, 6.277487955230754e-06, 6.283599304879317e-06, 6.281853529799264e-06, 6.277487955230754e-06, 6.282726189965615e-06, 6.277487955230754e-06, 6.28010729997186e-06], "canal2": [7.435383395204553e-06, 7.43888540455373e-06, 7.439759883709485e-06, 7.440635272359941e-06, 7.4432614383113105e-06, 7.436258329107659e-06, 7.437134172505466e-06, 7.438009561155923e-06, 7.436258329107659e-06, 7.4432614383113105e-06], "canal3": [7.664459189982153e-06, 7.661572453798726e-06, 7.663737960683648e-06, 7.665902558073867e-06, 7.665181328775361e-06, 7.665181328775361e-06, 7.662293683097232e-06, 7.664459189982153e-06, 7.663737960683648e-06, 7.66301582189044e-06], "canal4": [5.735676495532971e-06, 5.734899787057657e-06, 5.7387824199395254e-06, 5.734123533329694e-06, 5.73101806367049e-06, 5.734123533329694e-06, 5.73334727960173e-06, 5.73334727960173e-06, 5.7387824199395254e-06, 5.738005711464211e-06]}