{"canal1": [6.401464816008229e-06, 6.396226126526017e-06, 6.395352556864964e-06, 6.39709969618707e-06, 6.3918610067048576e-06, 6.399718131433474e-06, 6.395352556864964e-06, 6.395352556864964e-06, 6.392733666871209e-06, 6.396226126526017e-06], "canal2": [7.5728216870629694e-06, 7.574572464363882e-06, 7.571946753159864e-06, 7.5710713645094074e-06, 7.569319677713793e-06, 7.571946753159864e-06, 7.573697075713426e-06, 7.569319677713793e-06, 7.5701955211116e-06, 7.571946753159864e-06], "canal3": [7.775604899507016e-06, 7.775604899507016e-06, 7.776327038300224e-06, 7.775604899507016e-06, 7.774161531415302e-06, 7.775604899507016e-06, 7.77704826759873e-06, 7.77704826759873e-06, 7.777769496897236e-06, 7.77488367020851e-06], "canal4": [5.809435151604703e-06, 5.81098811380798e-06, 5.809435151604703e-06, 5.809435151604703e-06, 5.812541076011257e-06, 5.807882644148776e-06, 5.809435151604703e-06, 5.809435151604703e-06, 5.810211860080017e-06, 5.809435151604703e-06]}