{"canal1": [6.378764737746678e-06, 6.377018962666625e-06, 6.381384082487784e-06, 6.38400342722889e-06, 6.3831298575678375e-06, 6.38400342722889e-06, 6.3866223172226455e-06, 6.3805105128267314e-06, 6.381384082487784e-06, 6.377018962666625e-06], "canal2": [7.5570646913547534e-06, 7.5588150139083154e-06, 7.5570646913547534e-06, 7.5570646913547534e-06, 7.554437615908682e-06, 7.5570646913547534e-06, 7.551811904704664e-06, 7.552687748102471e-06, 7.551811904704664e-06, 7.553563136752928e-06], "canal3": [7.760449079796672e-06, 7.761170309095178e-06, 7.760449079796672e-06, 7.761170309095178e-06, 7.761170309095178e-06, 7.764778274577111e-06, 7.759726941003464e-06, 7.762613677186891e-06, 7.764057954773307e-06, 7.759726941003464e-06], "canal4": [5.797789526695851e-06, 5.7985657804238144e-06, 5.800894996355055e-06, 5.799342034151778e-06, 5.799342034151778e-06, 5.801671250083018e-06, 5.800118742627092e-06, 5.801671250083018e-06, 5.801671250083018e-06, 5.797789526695851e-06]}