{"canal1": [6.279234185058158e-06, 6.283599304879317e-06, 6.282726189965615e-06, 6.279234185058158e-06, 6.284472419793019e-06, 6.280979960138211e-06, 6.276614840317052e-06, 6.278360615397105e-06, 6.28010729997186e-06, 6.280979960138211e-06], "canal2": [7.43888540455373e-06, 7.43888540455373e-06, 7.437134172505466e-06, 7.442386959155556e-06, 7.438009561155923e-06, 7.440635272359941e-06, 7.437134172505466e-06, 7.435383395204553e-06, 7.4415111157577485e-06, 7.440635272359941e-06], "canal3": [7.662293683097232e-06, 7.66012817621231e-06, 7.663737960683648e-06, 7.66734592616558e-06, 7.66734592616558e-06, 7.664459189982153e-06, 7.662293683097232e-06, 7.662293683097232e-06, 7.662293683097232e-06, 7.665181328775361e-06], "canal4": [5.735676495532971e-06, 5.732571025873767e-06, 5.730241809942527e-06, 5.734123533329694e-06, 5.737229457736248e-06, 5.73101806367049e-06, 5.734123533329694e-06, 5.737229457736248e-06, 5.735676495532971e-06, 5.731794772145804e-06]}