{"canal1": [6.351699084916618e-06, 6.349079740175512e-06, 6.349953309836565e-06, 6.350826424750267e-06, 6.3464608501817565e-06, 6.349079740175512e-06, 6.350826424750267e-06, 6.357810434565181e-06, 6.3473339650954586e-06, 6.349953309836565e-06], "canal2": [7.516796358686406e-06, 7.515045126638142e-06, 7.517670837842161e-06, 7.518546681239968e-06, 7.515920515288599e-06, 7.520297913288232e-06, 7.5194225246377755e-06, 7.516796358686406e-06, 7.52292362449225e-06, 7.518546681239968e-06], "canal3": [7.731579898972996e-06, 7.730857760179788e-06, 7.730136530881282e-06, 7.733744496363215e-06, 7.731579898972996e-06, 7.729415301582776e-06, 7.727970114501659e-06, 7.731579898972996e-06, 7.730857760179788e-06, 7.728692253294867e-06], "canal4": [5.776826583314687e-06, 5.779155344498577e-06, 5.776826583314687e-06, 5.781485015177168e-06, 5.779932052973891e-06, 5.776826583314687e-06, 5.782261268905131e-06, 5.778379090770613e-06, 5.780708761449205e-06, 5.778379090770613e-06]}