{"canal1": [6.290583769441582e-06, 6.294949344010092e-06, 6.291456884355284e-06, 6.288837994361529e-06, 6.296695573837496e-06, 6.293203114182688e-06, 6.292329999268986e-06, 6.29407622909639e-06, 6.291456884355284e-06, 6.29407622909639e-06], "canal2": [7.4511399361654185e-06, 7.452891622961033e-06, 7.452891622961033e-06, 7.4511399361654185e-06, 7.452891622961033e-06, 7.452891622961033e-06, 7.458143500116421e-06, 7.458143500116421e-06, 7.456392722815508e-06, 7.450265457009664e-06], "canal3": [7.67672827350907e-06, 7.67672827350907e-06, 7.675284905417357e-06, 7.677450412302278e-06, 7.67672827350907e-06, 7.677450412302278e-06, 7.677450412302278e-06, 7.676006134715863e-06, 7.675284905417357e-06, 7.67456367611885e-06], "canal4": [5.740335382142803e-06, 5.739558673667489e-06, 5.740335382142803e-06, 5.741111635870766e-06, 5.741887434851378e-06, 5.7442171055299696e-06, 5.7442171055299696e-06, 5.741111635870766e-06, 5.745769612985896e-06, 5.745769612985896e-06]}