{"canal1": [6.297568688751198e-06, 6.301934263319708e-06, 6.3010606936586555e-06, 6.3010606936586555e-06, 6.3001875787449535e-06, 6.299314918578602e-06, 6.3036800383997615e-06, 6.3001875787449535e-06, 6.3001875787449535e-06, 6.2984413489175495e-06], "canal2": [7.459018888766877e-06, 7.465147518814774e-06, 7.462520898116054e-06, 7.462520898116054e-06, 7.465147518814774e-06, 7.460770120815141e-06, 7.464271675416967e-06, 7.4686490734166e-06, 7.462520898116054e-06, 7.4633962867665105e-06], "canal3": [7.682501745875925e-06, 7.687553988944273e-06, 7.681059287278913e-06, 7.686111530347262e-06, 7.685389391554054e-06, 7.684667252760846e-06, 7.686111530347262e-06, 7.684667252760846e-06, 7.68394602346234e-06, 7.686832759645768e-06], "canal4": [5.742664143326692e-06, 5.745769612985896e-06, 5.748099283664487e-06, 5.750428044848377e-06, 5.748099283664487e-06, 5.744993814005284e-06, 5.74654632146121e-06, 5.744993814005284e-06, 5.748099283664487e-06, 5.7488755373924505e-06]}