{"canal1": [6.3028069234860595e-06, 6.297568688751198e-06, 6.301934263319708e-06, 6.301934263319708e-06, 6.299314918578602e-06, 6.3028069234860595e-06, 6.3036800383997615e-06, 6.3028069234860595e-06, 6.3028069234860595e-06, 6.3010606936586555e-06], "canal2": [7.466021997970529e-06, 7.466897386620985e-06, 7.465147518814774e-06, 7.464271675416967e-06, 7.466021997970529e-06, 7.465147518814774e-06, 7.465147518814774e-06, 7.460770120815141e-06, 7.4686490734166e-06, 7.464271675416967e-06], "canal3": [7.68394602346234e-06, 7.683223884669133e-06, 7.686832759645768e-06, 7.682501745875925e-06, 7.685389391554054e-06, 7.688276127737481e-06, 7.686832759645768e-06, 7.68394602346234e-06, 7.685389391554054e-06, 7.681059287278913e-06], "canal4": [5.747323029936524e-06, 5.748099283664487e-06, 5.748099283664487e-06, 5.747323029936524e-06, 5.750428044848377e-06, 5.750428044848377e-06, 5.745769612985896e-06, 5.74654632146121e-06, 5.749651791120414e-06, 5.748099283664487e-06]}