{"canal1": [6.309791842795676e-06, 6.30717249805457e-06, 6.309791842795676e-06, 6.311537617875729e-06, 6.308918273134623e-06, 6.308918273134623e-06, 6.314156962616835e-06, 6.312411187536782e-06, 6.308045158220921e-06, 6.311537617875729e-06], "canal2": [7.474776339222444e-06, 7.474776339222444e-06, 7.4756521826202516e-06, 7.470399395970162e-06, 7.473900950571988e-06, 7.474776339222444e-06, 7.473900950571988e-06, 7.472150173271075e-06, 7.473025561921531e-06, 7.473025561921531e-06], "canal3": [7.69332837080583e-06, 7.69765847508097e-06, 7.69765847508097e-06, 7.695493877690751e-06, 7.694049600104336e-06, 7.695493877690751e-06, 7.696215106989257e-06, 7.694771738897543e-06, 7.694049600104336e-06, 7.694049600104336e-06], "canal4": [5.751981461799005e-06, 5.750428044848377e-06, 5.7535339692549314e-06, 5.756639893661486e-06, 5.7535339692549314e-06, 5.756639893661486e-06, 5.755863639933523e-06, 5.751204753323691e-06, 5.755863639933523e-06, 5.755863639933523e-06]}