{"canal1": [6.315030532277888e-06, 6.315030532277888e-06, 6.314156962616835e-06, 6.312411187536782e-06, 6.312411187536782e-06, 6.315902737696888e-06, 6.309791842795676e-06, 6.314156962616835e-06, 6.314156962616835e-06, 6.313283847703133e-06], "canal2": [7.479153737222077e-06, 7.480904059775639e-06, 7.480904059775639e-06, 7.476526661776006e-06, 7.482655291823903e-06, 7.481779448426096e-06, 7.484405614377465e-06, 7.478278348571621e-06, 7.481779448426096e-06, 7.481779448426096e-06], "canal3": [7.699823981965892e-06, 7.699823981965892e-06, 7.699823981965892e-06, 7.694049600104336e-06, 7.699823981965892e-06, 7.700545211264398e-06, 7.699101843172684e-06, 7.699823981965892e-06, 7.696936336287763e-06, 7.696936336287763e-06], "canal4": [5.757416147389449e-06, 5.758192401117412e-06, 5.755863639933523e-06, 5.757416147389449e-06, 5.7543106777302455e-06, 5.7589691095927265e-06, 5.758192401117412e-06, 5.757416147389449e-06, 5.7543106777302455e-06, 5.755863639933523e-06]}