{"canal1": [6.490517989732325e-06, 6.495756679214537e-06, 6.491391559393378e-06, 6.494883564300835e-06, 6.491391559393378e-06, 6.49226467430708e-06, 6.494010904134484e-06, 6.493137334473431e-06, 6.493137334473431e-06, 6.493137334473431e-06], "canal2": [7.67699475545669e-06, 7.675243068661075e-06, 7.675243068661075e-06, 7.679620466660708e-06, 7.675243068661075e-06, 7.67699475545669e-06, 7.677869689359795e-06, 7.675243068661075e-06, 7.671742423553951e-06, 7.67436813475797e-06], "canal3": [7.860767254896928e-06, 7.862211532483343e-06, 7.860046025598422e-06, 7.860767254896928e-06, 7.86509826866677e-06, 7.866540727263782e-06, 7.862932761781849e-06, 7.860046025598422e-06, 7.862211532483343e-06, 7.862211532483343e-06], "canal4": [5.872323981748195e-06, 5.8731006902235094e-06, 5.8731006902235094e-06, 5.871547728020232e-06, 5.869994765816955e-06, 5.868441803613678e-06, 5.872323981748195e-06, 5.8731006902235094e-06, 5.874653652426787e-06, 5.869994765816955e-06]}