{"canal1": [6.315030532277888e-06, 6.319395652099047e-06, 6.312411187536782e-06, 6.315030532277888e-06, 6.315030532277888e-06, 6.314156962616835e-06, 6.315030532277888e-06, 6.309791842795676e-06, 6.309791842795676e-06, 6.314156962616835e-06], "canal2": [7.4756521826202516e-06, 7.476526661776006e-06, 7.479153737222077e-06, 7.479153737222077e-06, 7.479153737222077e-06, 7.4774025051738136e-06, 7.4756521826202516e-06, 7.4774025051738136e-06, 7.476526661776006e-06, 7.479153737222077e-06], "canal3": [7.694049600104336e-06, 7.698379704379477e-06, 7.699823981965892e-06, 7.696936336287763e-06, 7.701989488850813e-06, 7.699101843172684e-06, 7.696936336287763e-06, 7.699823981965892e-06, 7.700545211264398e-06, 7.696936336287763e-06], "canal4": [5.758192401117412e-06, 5.7543106777302455e-06, 5.755863639933523e-06, 5.755086931458209e-06, 5.752757260779617e-06, 5.757416147389449e-06, 5.756639893661486e-06, 5.755086931458209e-06, 5.755086931458209e-06, 5.752757260779617e-06]}