{"canal1": [6.287091764534125e-06, 6.290583769441582e-06, 6.287964424700476e-06, 6.28971065452788e-06, 6.290583769441582e-06, 6.287091764534125e-06, 6.291456884355284e-06, 6.283599304879317e-06, 6.28971065452788e-06, 6.284472419793019e-06], "canal2": [7.445888059010031e-06, 7.447638836310944e-06, 7.447638836310944e-06, 7.446764357155189e-06, 7.4485142249614e-06, 7.449390068359207e-06, 7.444137281709118e-06, 7.449390068359207e-06, 7.449390068359207e-06, 7.447638836310944e-06], "canal3": [7.670954801142216e-06, 7.671676939935423e-06, 7.67023357184371e-06, 7.668789294257294e-06, 7.673120308027137e-06, 7.671676939935423e-06, 7.668068064958788e-06, 7.673120308027137e-06, 7.673120308027137e-06, 7.6695105235558e-06], "canal4": [5.741887434851378e-06, 5.7387824199395254e-06, 5.740335382142803e-06, 5.740335382142803e-06, 5.7387824199395254e-06, 5.741887434851378e-06, 5.741887434851378e-06, 5.740335382142803e-06, 5.737229457736248e-06, 5.7387824199395254e-06]}