{"canal1": [6.410195510397898e-06, 6.411068170564249e-06, 6.408448825823143e-06, 6.411941740225302e-06, 6.412814855139004e-06, 6.410195510397898e-06, 6.411941740225302e-06, 6.412814855139004e-06, 6.411068170564249e-06, 6.411068170564249e-06], "canal2": [7.585952971567167e-06, 7.591206212964607e-06, 7.585952971567167e-06, 7.58507712816936e-06, 7.588579137518536e-06, 7.58507712816936e-06, 7.586828814964974e-06, 7.58507712816936e-06, 7.586828814964974e-06, 7.585952971567167e-06], "canal3": [7.791482858010568e-06, 7.78859612182714e-06, 7.785709385643713e-06, 7.78859612182714e-06, 7.787873983033933e-06, 7.786429705447517e-06, 7.785709385643713e-06, 7.787151844240725e-06, 7.790039489918854e-06, 7.786429705447517e-06], "canal4": [5.817199053126387e-06, 5.817975761601701e-06, 5.8187524700770155e-06, 5.819528723804979e-06, 5.82418715566746e-06, 5.821081686008256e-06, 5.821857939736219e-06, 5.815646545670461e-06, 5.817975761601701e-06, 5.815646545670461e-06]}