{"canal1": [6.349953309836565e-06, 6.350826424750267e-06, 6.3473339650954586e-06, 6.350826424750267e-06, 6.3455877352680545e-06, 6.3482070800091606e-06, 6.349079740175512e-06, 6.350826424750267e-06, 6.349079740175512e-06, 6.3438415054406505e-06], "canal2": [7.520297913288232e-06, 7.518546681239968e-06, 7.517670837842161e-06, 7.518546681239968e-06, 7.522048235841794e-06, 7.520297913288232e-06, 7.522048235841794e-06, 7.517670837842161e-06, 7.522048235841794e-06, 7.5211728471913375e-06], "canal3": [7.730857760179788e-06, 7.735910003248136e-06, 7.730136530881282e-06, 7.733744496363215e-06, 7.731579898972996e-06, 7.731579898972996e-06, 7.727970114501659e-06, 7.728692253294867e-06, 7.730857760179788e-06, 7.732301128271502e-06], "canal4": [5.779932052973891e-06, 5.776826583314687e-06, 5.778379090770613e-06, 5.779155344498577e-06, 5.775273166364059e-06, 5.780708761449205e-06, 5.778379090770613e-06, 5.780708761449205e-06, 5.77760283704265e-06, 5.779932052973891e-06]}