{"canal1": [6.3036800383997615e-06, 6.3028069234860595e-06, 6.3028069234860595e-06, 6.301934263319708e-06, 6.309791842795676e-06, 6.305425813479815e-06, 6.30717249805457e-06, 6.3062993831408676e-06, 6.3062993831408676e-06, 6.3045531533134636e-06], "canal2": [7.466897386620985e-06, 7.466897386620985e-06, 7.4712747846206184e-06, 7.4686490734166e-06, 7.466021997970529e-06, 7.4686490734166e-06, 7.4686490734166e-06, 7.4686490734166e-06, 7.470399395970162e-06, 7.465147518814774e-06], "canal3": [7.686832759645768e-06, 7.684667252760846e-06, 7.688998266530689e-06, 7.688998266530689e-06, 7.688998266530689e-06, 7.689719495829195e-06, 7.686832759645768e-06, 7.687553988944273e-06, 7.690441634622402e-06, 7.691162863920908e-06], "canal4": [5.7535339692549314e-06, 5.751981461799005e-06, 5.752757260779617e-06, 5.751204753323691e-06, 5.749651791120414e-06, 5.751204753323691e-06, 5.750428044848377e-06, 5.751981461799005e-06, 5.7535339692549314e-06, 5.752757260779617e-06]}