{"canal1": [6.3429683905269485e-06, 6.339476385619491e-06, 6.3412221606995445e-06, 6.3429683905269485e-06, 6.3403490457858425e-06, 6.3420952756132465e-06, 6.3447146203543525e-06, 6.3429683905269485e-06, 6.339476385619491e-06, 6.3403490457858425e-06], "canal2": [7.515045126638142e-06, 7.511543572036317e-06, 7.511543572036317e-06, 7.510667728638509e-06, 7.509792339988053e-06, 7.511543572036317e-06, 7.514169737987686e-06, 7.512418960686773e-06, 7.512418960686773e-06, 7.515920515288599e-06], "canal3": [7.727970114501659e-06, 7.72580551711144e-06, 7.726527655904647e-06, 7.72364091972122e-06, 7.725084287812933e-06, 7.726527655904647e-06, 7.725084287812933e-06, 7.728692253294867e-06, 7.72580551711144e-06, 7.722919690422714e-06], "canal4": [5.773721113655483e-06, 5.772944405180169e-06, 5.778379090770613e-06, 5.776049874839373e-06, 5.778379090770613e-06, 5.7744973673834465e-06, 5.779155344498577e-06, 5.776049874839373e-06, 5.772168151452206e-06, 5.7744973673834465e-06]}