{"canal1": [6.3412221606995445e-06, 6.334237696137279e-06, 6.3403490457858425e-06, 6.3377297010447364e-06, 6.3455877352680545e-06, 6.3377297010447364e-06, 6.338603270705789e-06, 6.3420952756132465e-06, 6.336857040878385e-06, 6.339476385619491e-06], "canal2": [7.506290785386227e-06, 7.50804156268714e-06, 7.504540462832665e-06, 7.506290785386227e-06, 7.5054158514831215e-06, 7.50278877603705e-06, 7.506290785386227e-06, 7.510667728638509e-06, 7.506290785386227e-06, 7.5054158514831215e-06], "canal3": [7.721475412836298e-06, 7.722197551629506e-06, 7.722197551629506e-06, 7.72364091972122e-06, 7.724362149019726e-06, 7.722919690422714e-06, 7.72364091972122e-06, 7.722197551629506e-06, 7.721475412836298e-06, 7.722197551629506e-06], "canal4": [5.7690622270456515e-06, 5.773721113655483e-06, 5.775273166364059e-06, 5.773721113655483e-06, 5.773721113655483e-06, 5.772944405180169e-06, 5.7690622270456515e-06, 5.775273166364059e-06, 5.772944405180169e-06, 5.773721113655483e-06]}