{"canal1": [6.328999006655067e-06, 6.331618351396173e-06, 6.330745691229822e-06, 6.331618351396173e-06, 6.328999006655067e-06, 6.330745691229822e-06, 6.32987257631612e-06, 6.331618351396173e-06, 6.328999006655067e-06, 6.333364581223577e-06], "canal2": [7.500163064833032e-06, 7.497536898881663e-06, 7.496661510231206e-06, 7.49578612158075e-06, 7.494910278182942e-06, 7.4992876761825755e-06, 7.49578612158075e-06, 7.498413197026821e-06, 7.498413197026821e-06, 7.4992876761825755e-06], "canal3": [7.715701940469444e-06, 7.712093065492809e-06, 7.714979801676236e-06, 7.714979801676236e-06, 7.713536433584522e-06, 7.712093065492809e-06, 7.717145308561157e-06, 7.713536433584522e-06, 7.71425857237773e-06, 7.712093065492809e-06], "canal4": [5.769838935520966e-06, 5.766733011114411e-06, 5.770615189248929e-06, 5.768285973317688e-06, 5.7690622270456515e-06, 5.766733011114411e-06, 5.767509264842374e-06, 5.767509264842374e-06, 5.763627541455207e-06, 5.764403795183171e-06]}