{"canal1": [6.320268312265398e-06, 6.317649422271643e-06, 6.318522082437994e-06, 6.320268312265398e-06, 6.3211414271791e-06, 6.319395652099047e-06, 6.322887657006504e-06, 6.320268312265398e-06, 6.324633886833908e-06, 6.322887657006504e-06], "canal2": [7.484405614377465e-06, 7.487032235076185e-06, 7.488783012377098e-06, 7.487032235076185e-06, 7.486156846425729e-06, 7.484405614377465e-06, 7.486156846425729e-06, 7.4852814577752724e-06, 7.484405614377465e-06, 7.481779448426096e-06], "canal3": [7.70487622503424e-06, 7.703431947447825e-06, 7.704154086241033e-06, 7.704154086241033e-06, 7.701989488850813e-06, 7.70704082242446e-06, 7.707762961217668e-06, 7.701989488850813e-06, 7.706318683631252e-06, 7.70487622503424e-06], "canal4": [5.75974536332069e-06, 5.75974536332069e-06, 5.75974536332069e-06, 5.75974536332069e-06, 5.760521617048653e-06, 5.760521617048653e-06, 5.760521617048653e-06, 5.760521617048653e-06, 5.76207457925193e-06, 5.760521617048653e-06]}