{"canal1": [6.30717249805457e-06, 6.309791842795676e-06, 6.308918273134623e-06, 6.30717249805457e-06, 6.308918273134623e-06, 6.30717249805457e-06, 6.305425813479815e-06, 6.308045158220921e-06, 6.3045531533134636e-06, 6.308918273134623e-06], "canal2": [7.4686490734166e-06, 7.472150173271075e-06, 7.4774025051738136e-06, 7.4686490734166e-06, 7.473900950571988e-06, 7.4677736847661436e-06, 7.472150173271075e-06, 7.473900950571988e-06, 7.4712747846206184e-06, 7.4677736847661436e-06], "canal3": [7.690441634622402e-06, 7.687553988944273e-06, 7.691162863920908e-06, 7.689719495829195e-06, 7.686111530347262e-06, 7.691884093219414e-06, 7.688276127737481e-06, 7.688276127737481e-06, 7.694049600104336e-06, 7.688998266530689e-06], "canal4": [5.752757260779617e-06, 5.752757260779617e-06, 5.751981461799005e-06, 5.7535339692549314e-06, 5.751981461799005e-06, 5.752757260779617e-06, 5.750428044848377e-06, 5.752757260779617e-06, 5.752757260779617e-06, 5.750428044848377e-06]}