{"canal1": [6.311537617875729e-06, 6.312411187536782e-06, 6.305425813479815e-06, 6.305425813479815e-06, 6.30717249805457e-06, 6.305425813479815e-06, 6.308045158220921e-06, 6.3062993831408676e-06, 6.308918273134623e-06, 6.308918273134623e-06], "canal2": [7.473025561921531e-06, 7.4712747846206184e-06, 7.473025561921531e-06, 7.473025561921531e-06, 7.4712747846206184e-06, 7.4712747846206184e-06, 7.473025561921531e-06, 7.470399395970162e-06, 7.4677736847661436e-06, 7.4712747846206184e-06], "canal3": [7.690441634622402e-06, 7.692607141507324e-06, 7.689719495829195e-06, 7.691162863920908e-06, 7.696215106989257e-06, 7.692607141507324e-06, 7.696215106989257e-06, 7.692607141507324e-06, 7.691162863920908e-06, 7.692607141507324e-06], "canal4": [5.755086931458209e-06, 5.7543106777302455e-06, 5.7535339692549314e-06, 5.7535339692549314e-06, 5.7535339692549314e-06, 5.7535339692549314e-06, 5.751981461799005e-06, 5.7488755373924505e-06, 5.755863639933523e-06, 5.749651791120414e-06]}