{"canal1": [6.35257219983032e-06, 6.350826424750267e-06, 6.353445314744022e-06, 6.3464608501817565e-06, 6.349953309836565e-06, 6.351699084916618e-06, 6.35257219983032e-06, 6.349953309836565e-06, 6.3473339650954586e-06, 6.353445314744022e-06], "canal2": [7.518546681239968e-06, 7.523799013142707e-06, 7.518546681239968e-06, 7.520297913288232e-06, 7.5194225246377755e-06, 7.524674401793163e-06, 7.522048235841794e-06, 7.517670837842161e-06, 7.518546681239968e-06, 7.516796358686406e-06], "canal3": [7.731579898972996e-06, 7.735910003248136e-06, 7.733744496363215e-06, 7.733744496363215e-06, 7.733744496363215e-06, 7.730136530881282e-06, 7.730136530881282e-06, 7.729415301582776e-06, 7.732301128271502e-06, 7.730136530881282e-06], "canal4": [5.782261268905131e-06, 5.776826583314687e-06, 5.781485015177168e-06, 5.781485015177168e-06, 5.776049874839373e-06, 5.77760283704265e-06, 5.780708761449205e-06, 5.77760283704265e-06, 5.776049874839373e-06, 5.780708761449205e-06]}