{"canal1": [6.3010606936586555e-06, 6.29407622909639e-06, 6.296695573837496e-06, 6.296695573837496e-06, 6.2984413489175495e-06, 6.296695573837496e-06, 6.3001875787449535e-06, 6.2984413489175495e-06, 6.2958220041764434e-06, 6.2984413489175495e-06], "canal2": [7.4633962867665105e-06, 7.459018888766877e-06, 7.465147518814774e-06, 7.459018888766877e-06, 7.459018888766877e-06, 7.459894732164685e-06, 7.461644599970896e-06, 7.457269020960666e-06, 7.459894732164685e-06, 7.460770120815141e-06], "canal3": [7.681780516577419e-06, 7.6796159191872e-06, 7.681780516577419e-06, 7.683223884669133e-06, 7.6796159191872e-06, 7.681780516577419e-06, 7.681780516577419e-06, 7.681780516577419e-06, 7.684667252760846e-06, 7.677450412302278e-06], "canal4": [5.744993814005284e-06, 5.747323029936524e-06, 5.747323029936524e-06, 5.745769612985896e-06, 5.744993814005284e-06, 5.744993814005284e-06, 5.747323029936524e-06, 5.748099283664487e-06, 5.7488755373924505e-06, 5.74654632146121e-06]}