{"canal1": [6.290583769441582e-06, 6.292329999268986e-06, 6.296695573837496e-06, 6.293203114182688e-06, 6.293203114182688e-06, 6.291456884355284e-06, 6.293203114182688e-06, 6.296695573837496e-06, 6.294949344010092e-06, 6.294949344010092e-06], "canal2": [7.45376701161149e-06, 7.452015779563226e-06, 7.458143500116421e-06, 7.458143500116421e-06, 7.456392722815508e-06, 7.459894732164685e-06, 7.456392722815508e-06, 7.454641945514595e-06, 7.459018888766877e-06, 7.456392722815508e-06], "canal3": [7.678893780393992e-06, 7.678893780393992e-06, 7.678172551095486e-06, 7.678893780393992e-06, 7.677450412302278e-06, 7.67456367611885e-06, 7.675284905417357e-06, 7.678893780393992e-06, 7.675284905417357e-06, 7.675284905417357e-06], "canal4": [5.742664143326692e-06, 5.742664143326692e-06, 5.7442171055299696e-06, 5.7442171055299696e-06, 5.74654632146121e-06, 5.748099283664487e-06, 5.7442171055299696e-06, 5.74654632146121e-06, 5.7434403970546555e-06, 5.7442171055299696e-06]}