{"canal1": [6.3001875787449535e-06, 6.299314918578602e-06, 6.294949344010092e-06, 6.2984413489175495e-06, 6.297568688751198e-06, 6.297568688751198e-06, 6.3001875787449535e-06, 6.296695573837496e-06, 6.296695573837496e-06, 6.297568688751198e-06], "canal2": [7.459018888766877e-06, 7.458143500116421e-06, 7.461644599970896e-06, 7.461644599970896e-06, 7.460770120815141e-06, 7.456392722815508e-06, 7.459894732164685e-06, 7.460770120815141e-06, 7.454641945514595e-06, 7.458143500116421e-06], "canal3": [7.676006134715863e-06, 7.680337148485705e-06, 7.681780516577419e-06, 7.681780516577419e-06, 7.685389391554054e-06, 7.6796159191872e-06, 7.681780516577419e-06, 7.681780516577419e-06, 7.678172551095486e-06, 7.678893780393992e-06], "canal4": [5.748099283664487e-06, 5.747323029936524e-06, 5.748099283664487e-06, 5.742664143326692e-06, 5.742664143326692e-06, 5.747323029936524e-06, 5.744993814005284e-06, 5.748099283664487e-06, 5.742664143326692e-06, 5.7434403970546555e-06]}