{"canal1": [6.435514478653204e-06, 6.432895133912098e-06, 6.4285300140909385e-06, 6.435514478653204e-06, 6.435514478653204e-06, 6.4320224737457465e-06, 6.4302762439183425e-06, 6.434641363739502e-06, 6.4320224737457465e-06, 6.436388048314257e-06], "canal2": [7.6130909292260185e-06, 7.606086910527665e-06, 7.6069627539254725e-06, 7.609589374624193e-06, 7.611339697177755e-06, 7.6148412517795805e-06, 7.611339697177755e-06, 7.606086910527665e-06, 7.6130909292260185e-06, 7.612215540575562e-06], "canal3": [7.805917448422406e-06, 7.808082045812625e-06, 7.81385551817948e-06, 7.810968781996053e-06, 7.808082045812625e-06, 7.80736081651412e-06, 7.806638677720912e-06, 7.805917448422406e-06, 7.810247552697547e-06, 7.814577656972688e-06], "canal4": [5.835833235323662e-06, 5.836609489051625e-06, 5.835833235323662e-06, 5.8335040193924215e-06, 5.835833235323662e-06, 5.831951057189144e-06, 5.835056526848348e-06, 5.830398549733218e-06, 5.835833235323662e-06, 5.834280273120385e-06]}