{"canal1": [6.359557119139936e-06, 6.35693777439883e-06, 6.353445314744022e-06, 6.357810434565181e-06, 6.358684004226234e-06, 6.358684004226234e-06, 6.357810434565181e-06, 6.358684004226234e-06, 6.35257219983032e-06, 6.357810434565181e-06], "canal2": [7.5273010224918835e-06, 7.52817641114234e-06, 7.52554979044362e-06, 7.530802577093709e-06, 7.52292362449225e-06, 7.526425633841427e-06, 7.526425633841427e-06, 7.5273010224918835e-06, 7.5290513450454455e-06, 7.52817641114234e-06], "canal3": [7.739518878224771e-06, 7.736632142041344e-06, 7.738075510133058e-06, 7.738075510133058e-06, 7.738797648926266e-06, 7.740240107523277e-06, 7.738797648926266e-06, 7.739518878224771e-06, 7.739518878224771e-06, 7.735187864454929e-06], "canal4": [5.786142992292298e-06, 5.782261268905131e-06, 5.7892493714462034e-06, 5.784590484836372e-06, 5.7838137763610575e-06, 5.783037522633094e-06, 5.781485015177168e-06, 5.785367193311686e-06, 5.785367193311686e-06, 5.784590484836372e-06]}