{"canal1": [6.3028069234860595e-06, 6.305425813479815e-06, 6.3045531533134636e-06, 6.3045531533134636e-06, 6.30717249805457e-06, 6.3028069234860595e-06, 6.3045531533134636e-06, 6.3045531533134636e-06, 6.305425813479815e-06, 6.305425813479815e-06], "canal2": [7.4712747846206184e-06, 7.4712747846206184e-06, 7.4695240073197056e-06, 7.466897386620985e-06, 7.466897386620985e-06, 7.4677736847661436e-06, 7.4677736847661436e-06, 7.4686490734166e-06, 7.4677736847661436e-06, 7.4686490734166e-06], "canal3": [7.688276127737481e-06, 7.688998266530689e-06, 7.687553988944273e-06, 7.688276127737481e-06, 7.687553988944273e-06, 7.689719495829195e-06, 7.689719495829195e-06, 7.687553988944273e-06, 7.686832759645768e-06, 7.688998266530689e-06], "canal4": [5.750428044848377e-06, 5.751981461799005e-06, 5.750428044848377e-06, 5.7488755373924505e-06, 5.745769612985896e-06, 5.749651791120414e-06, 5.7535339692549314e-06, 5.7488755373924505e-06, 5.751204753323691e-06, 5.749651791120414e-06]}